COMM_NAME,COMM_CODE,COMM_WT,INDEX2011,INDEX20112012,INDEX2012,INDEX20122013,INDEX2013,INDEX20132014,INDEX2014,INDEX20142015,INDEX2015,INDEX20152016,INDEX2016,INDEX20162017,INDEX2017,INDEX20172018,INDEX2018,INDEX20182019,INDEX2019,INDEX20192020,INDEX2020,INDEX20202021,INDEX2021,INDEX20212022,INDEX2022,INDEX20222023
Jowar,1101010103,0.06764,NA,NA,NA,96.8,98.7,100.4,112.7,115.8,114.3,113.9,120.1,124.5,127.5,123.4,122.9,130.3,156,161.1,158.6,154.3,143.6,143.3,165.5,180.1
Arhar,1101010202,0.12914,NA,NA,NA,109.8,116.4,118,122.9,128.1,176.1,193.2,199.7,181.1,121.1,116.8,114.4,118.2,144.7,149.8,160.9,165.9,176.3,177.6,183.1,188.4
Ginger (Fresh),1101020105,0.02124,NA,NA,NA,121.4,251.3,280.2,285,266.2,201.1,184.8,148.7,141.9,128.7,131,183.5,215.9,317.6,310.6,218,191.3,138.8,138.5,146.2,167.2
Radish,1101020113,0.03942,NA,NA,NA,114.9,140.5,139.3,117.9,117.7,104.5,113.9,136.5,132.1,115.8,115.7,103.7,103.7,136.2,136.5,144.8,141.2,152,173.2,213.8,202.3
Pointed gourd,1101020115,0.0021,NA,NA,NA,116.1,151.3,143.3,131,127.4,120.9,109.7,105.2,117.1,113.1,107.2,107.6,113.7,133.6,141.1,138.3,145.2,150.5,167.7,177.6,167.2
Bitter gourd,1101020116,0.02261,NA,NA,NA,121.2,146.7,150.7,152,159.5,156.1,137.1,164.2,183.1,159.7,135.1,108.8,121.9,150.5,146.6,129.6,125.4,146.3,179.7,200.8,195.6
Bottle gourd,1101020117,0.02323,NA,NA,NA,114.1,171.1,161.5,151.9,161.6,138.3,138.4,139.5,129.2,123.4,129.8,130.9,133,153.7,152.1,147.7,147.3,152.6,164.8,170.2,166.6
Cashew nut,1101020205,0.06583,NA,NA,NA,100,104,107.4,116.5,119.9,135.2,138.9,154,160.9,174.9,177.6,174.8,170.7,160.8,159.7,159.5,159.6,160.2,159.8,158.2,155.7
Papaya,1101020207,0.06368,NA,NA,NA,67.8,73.5,74.6,70.1,70,70.7,70.5,74.4,73.3,67.1,67.7,74,73.8,77.5,83,82,84.9,119.2,120.6,133.2,145.8
Pineapple,1101020209,0.03089,NA,NA,NA,120,131.3,131.6,129.7,129.6,126.7,128.4,145.7,148.2,146.9,148,155.9,152.7,162.2,171,145.5,133.4,142.6,156.2,187.2,192.4
Amla,1101020216,0.01837,NA,NA,NA,111.2,122,122,144.3,149.8,140.5,140.5,180.9,181,191.7,204.6,172.4,164.8,203,209.3,194.6,199.5,201,198.8,210.5,215.9
Pear,1101020218,0.01001,NA,NA,NA,89.6,69.5,85.5,140,141.9,137,131,151.3,155.1,137.7,133.6,128,127.1,137,135,118.9,122.5,123.1,118,122.1,131.3
Beef and Buffalo Meat,1101040005,0.16159,NA,NA,NA,103.5,109.7,112.7,119.2,120.1,119,120.1,126.1,127.1,142.5,147.8,149.1,150,155.8,159.1,162,163.1,166.6,163.9,157.2,156.9
Pork,1101040007,0.06051,NA,NA,NA,107,111.9,115.4,124.8,124.6,120.8,123.4,132.4,133.6,136.9,136.9,138.6,141.7,162.1,167.8,180.9,185.5,199.2,197.3,189.8,194.8
e.  CONDIMENTS & SPICES,1101050000,0.52885,NA,NA,NA,87.1,98.4,102.7,116.5,120.8,134.9,138.9,142.4,140.5,126.5,125.2,130.3,129.6,137.9,143.9,149.4,149.5,155,159.8,181.5,187.2
Ginger (Dry),1101050005,0.02098,NA,NA,NA,86.7,122.1,135.9,168.6,167.6,161.4,161,140.5,134.7,118.9,116,134.6,147.8,188.4,198.3,214.4,205.5,209,230.6,254.6,260.2
Betelnut/Arecanut,1101050006,0.08487,NA,NA,NA,103.9,108.2,111,137.7,149.2,173.1,177.4,171.1,166.7,165,169.5,185.8,187.7,191.9,192.9,208.5,218.4,251.7,260.5,270.1,269.2
Coriander,1101050009,0.02154,NA,NA,NA,102.5,135.5,145.9,183.9,185.9,189.1,187.9,162.8,157.5,132.5,128.6,129.8,135.2,152.8,153.7,160.6,164.9,183.6,195.8,265.1,271.3
Coir Fibre,1102010006,0.01555,NA,NA,NA,108.3,121.1,124.4,129.8,129.2,125.4,122.5,116.5,116.1,114.3,114.9,120.8,122.8,120.8,118.9,119.3,121.9,124.6,121.5,115.3,114.6
Gingelly Seed (Sesamum),1102020005,0.01201,NA,NA,NA,139.8,158.4,154.5,139.4,133.7,115.1,111.1,116,118.6,117.7,121.6,138.6,148.6,171.3,175.2,185.6,182.3,179.9,182.6,185.2,191.2
Raw Rubber,1102030006,0.28851,NA,NA,NA,85.1,80.8,79.5,65.3,62.5,57.4,54.2,58.5,64.6,65.3,62.3,60.5,60.5,63.9,64.8,64.1,67.1,81.7,82.8,78.3,75.5
Marigold,1102040003,0.03063,NA,NA,NA,103.9,122.6,125.4,136.3,139.1,124.9,128.3,133.1,132.1,144.2,140,129.3,134.6,139.6,129.7,110.5,109.8,112.3,117.9,125.6,127
Bauxite,1103010001,0.00842,NA,NA,NA,109.8,141.5,143.9,147.2,152.9,168.4,173.3,183.9,186.3,222.6,236.5,249.7,252.4,257.9,257.3,243.4,238,222.2,217,199.9,201.1
Manganese Ore,1103010004,0.03955,NA,NA,NA,120.1,122.1,123.7,124.6,121.5,95.1,83.4,97.9,123.3,149.6,144.6,156.5,156.8,137.4,128.6,129.3,133.5,142.8,147.9,155.5,153.3
b.  OTHER MINERALS,1103020000,0.18499,NA,NA,NA,139.5,146.4,146.8,138.9,140.7,152,154.1,164.3,164.4,166.1,169.3,181.6,183.5,177.8,179,183.1,183.1,202.8,211,235.9,245.2
Limestone,1103020002,0.06947,NA,NA,NA,130.7,145.1,149.1,153.4,153.6,160.7,164.4,180.6,188.2,214.7,224.4,245.5,246.3,226,222.8,216.1,215.8,226.1,226.3,228.8,229.8
Garnet,1103020003,0.00139,NA,NA,NA,100.5,102.2,102.6,117.2,123.4,135.3,138.5,144.7,153,207,217.9,261.7,280,288.5,287.7,287.7,287.7,318.5,332.8,344.4,337.3
Crude Petroleum,1104000001,1.94537,NA,NA,NA,108.4,115.1,117.1,109.1,95.2,64.3,60.9,58.8,63.8,64,65,83.4,84.3,76.6,73.6,57.7,62,96.6,110.3,147.1,143.3
b. Non-Coking Coal,1201020000,1.40097,NA,NA,NA,103.2,105.4,106.8,109.6,109.6,109.6,109.6,110.2,110.5,110.7,112.5,118.8,119,119,119,119.1,119.3,119.8,119.8,119.8,119.8
Lignite,1201030001,0.09013,NA,NA,NA,98.9,98.9,99.2,99.2,99.2,96.4,94.7,90.5,90.2,98.6,104.2,118.6,120.3,126.4,129.1,131.1,130.9,149.9,170.5,246.7,271.1
LPG,1202000001,0.64481,NA,NA,NA,107.8,112.6,118.6,117.2,103.5,78.5,76.7,70,72,81.1,82.2,93.4,92.1,82.1,84.5,81,82.2,109.8,117.8,132.2,130.9
III   MANUFACTURED PRODUCTS,1300000000,64.23054,NA,NA,NA,105.3,107.4,108.5,111.2,111.2,109.7,109.2,109.8,110.7,112.9,113.8,117.2,117.9,118.1,118.3,119.6,121.5,131.7,135,142.1,142.6
Fruit Juice including concentrates,1301030001,0.04695,NA,NA,NA,102.9,105.8,106.9,107.2,106.2,107.4,110.1,111.9,110.9,112.4,113.1,108.1,106,105.2,106,108.8,109.7,110.4,110.7,112.4,112.2
"Sauces of Vegetables (Tomato, Chilli, Soya & others)",1301030004,0.03397,NA,NA,NA,103.6,102.1,102.1,109.1,112,114.2,113.6,116.1,116.8,113.6,111.1,108.3,108.2,108,109,114.6,117.4,121.4,121.3,124.2,126.6
Sunflower Oil,1301040004,0.23133,NA,NA,NA,105.6,108.4,106.6,96.8,95.4,99.4,101.3,104.4,105,103.1,103.4,109,109.9,111.2,112.2,123.5,134.5,161.1,161.8,169.2,166
Rice Bran Oil,1301040007,0.29613,NA,NA,NA,108,101.5,101.7,102.8,101.6,98.6,98.5,105.8,109.4,110.3,111.2,123.1,123.2,118.1,120.9,135.7,144.6,188,196.8,202.2,193.8
Wheat Bran,1301060003,0.0397,NA,NA,NA,119.4,127.9,130.2,135.3,137,139.1,140.2,153.8,157.1,153.7,153.2,158.2,162.1,177.6,181.9,174.8,168.8,171.8,177,196.1,204.2
"Cakes, pastries & muffins",1301080003,0.02084,NA,NA,NA,108.8,113.6,115.7,122.1,123.4,127,127.4,129.1,130.2,131.7,132.2,133.5,134.2,142.8,147,152.7,154.1,160.3,162.8,172,174.1
Honey,1301090005,0.01122,NA,NA,NA,100.3,106,109.9,131.2,137.3,144.9,145.1,135,136,146.3,145.6,141.2,141.5,151.9,153.8,155.5,156.5,166.4,171.5,179.4,177.3
Rice Bran Extract,1301160002,0.03918,NA,NA,NA,117.9,128,128.3,122.9,120.9,120.4,123.4,138.5,141.4,135.9,135.4,143,145,159.3,161.9,154.7,154.6,170.8,178.6,211.4,215.4
Soya preparations excluding oil,1301160003,0.01012,NA,NA,NA,132.1,146.2,151.7,159.5,159.3,155.5,156.3,155.1,151.7,140,139.5,142.3,142.7,142.9,144.5,148,150.7,188,197.6,191.2,186.4
b. Manufacture of malt liquors and malt,1302020000,0.22526,NA,NA,NA,101.7,104.9,107.1,110.8,111.3,111.5,111.4,113.2,114.2,116.9,117.9,119.8,120.5,124.5,125.7,126.7,126.5,128.8,130.5,134,134.5
Country liquor,1302020002,0.0625,NA,NA,NA,103.4,106.8,108,112.5,114.1,109.7,106.9,105.2,105.5,106,106.3,107.1,108.6,115.7,117.8,120.2,120.9,125.8,127.7,131.9,133.3
Texturised and twisted Yarn,1304010005,0.50957,NA,NA,NA,102.1,108,109.8,109.8,107.3,96.8,94.3,90.9,91.6,95.6,96.7,100.3,100.7,98.2,97.1,92.9,96.9,113.9,116.2,116.7,114.3
Woollen woven cloth,1304020002,0.04506,NA,NA,NA,108.4,111.7,113.5,116.4,116.7,115.6,115.1,115,114.7,113.9,115.3,121.5,123.1,125.4,126,126.7,126.3,126.6,127.6,130.1,130.5
Synthetic Fabric  Others,1304020003,0.05493,NA,NA,NA,103.3,105.9,106.8,108.5,108.1,107.7,108.3,108.7,109.2,110.3,110.4,112.5,112.6,111.6,111.3,106.2,106,114.1,118.2,129.5,130
"Fabrics/cloth, rayon",1304020006,0.08362,NA,NA,NA,106.3,110.9,111.6,114.1,113.5,105.6,102.8,101.7,104.1,111.9,113,115,115.9,114.4,113.2,108.8,109.2,119.3,123.1,130.2,131.8
Knitted fabrics of cotton,1304030001,0.17714,NA,NA,NA,106,111.5,112.6,113,111.8,106.1,104.9,105.4,106.2,107.5,107.9,111.9,112.5,113.8,114.5,114.3,114.9,121.6,124.7,130.7,129.3
Blankets,1304040002,0.00895,NA,NA,NA,98,100.2,100.9,99,99.4,97.9,95.3,90.5,91.1,92.6,91.7,91.7,92.8,91.5,90.3,85.7,84.7,86.3,87.3,89.5,89.3
Cotton Dyed/printed textile,1304040004,0.049,NA,NA,NA,99.8,103.2,104.9,111.6,113.5,114.3,114.9,117,118,122.7,124,128,128.7,128.5,128.3,128.3,128.8,130.8,133.9,148.3,150.3
(E). MANUFACTURE OF WEARING APPAREL,1305000000,0.81414,NA,NA,NA,112.2,115.4,117.7,122.2,122.6,127.1,128.7,129.7,131,135.6,136.9,138.8,138.8,138.3,138.3,138.2,138.6,141.8,143.1,147.5,148.7
Leather garments incl. Jackets,1305010004,0.0946,NA,NA,NA,106.8,112.3,114.8,118.3,119.5,122.6,124.6,126.1,125.8,125.1,124.7,124.2,123.3,117.6,117.2,114.2,112.1,110,110.5,110.6,110.4
"Hosiery goods, others cotton",1305020004,0.03878,NA,NA,NA,103.4,106.4,107.6,111.7,113,114.1,114.4,115.4,115.5,116.2,117.3,117.6,116.5,114.4,114.2,112.4,112.5,115.5,117.3,123.7,124.1
a. Tanning and dressing of leather; dressing and dyeing of fur,1306010000,0.14215,NA,NA,NA,112.9,118.2,121.5,129.8,130.6,127.7,126.3,121.4,119.9,113.2,110.9,111.8,111,106.2,105.5,102.6,101.1,101.2,103.4,106,105.6
Belt & Other Articles of Leather,1306020002,0.01909,NA,NA,NA,103.7,108.9,109.7,106.6,108,124.5,130,129.9,126.6,123.2,125.4,128.3,127.9,127.2,127.5,128.6,129.3,130.5,132.5,137.9,137.7
Gloves of leather,1306020004,0.01002,NA,NA,NA,109.2,124.3,127,130.5,131.6,137.9,143,147.5,146.1,139.2,136.7,139,139.3,139.6,140.5,141.9,141.3,137,135.6,132.2,130.9
Leather Shoe,1306030001,0.20737,NA,NA,NA,103.4,108.8,111,115.2,115.2,115.4,117.7,123.9,123.6,121.4,122.5,124.7,124.9,121.7,120,119.6,120,117.1,116.4,121.1,122.7
Waterproof footwear,1306030005,0.01734,NA,NA,NA,112.1,119,121.8,128.4,129.9,130.9,130.4,128.8,129,132.7,134.4,135.6,135.3,134.7,134.9,122.6,117.1,114.1,114.9,118.1,119.1
a. Saw milling and planing of wood,1307010000,0.12417,NA,NA,NA,110.6,114.4,115.3,117.9,119.5,119.9,119.9,122.8,122.9,121,120.5,123,124.5,123.7,122.2,120.2,120.7,126.2,128.8,136.2,137.6
Wooden splint,1307010003,0.01936,NA,NA,NA,115.7,119.4,117.8,114,112.9,107.4,106.3,105.6,105.9,107.8,108.3,112,112.9,111.1,111.1,114.8,117,125.9,128,128.4,127.6
"a. Manufacture of pulp, paper and paperboard",1308010000,0.49296,NA,NA,NA,103.3,108.8,111.2,115.9,116.1,115.3,115.5,116.7,117.7,121.3,122.3,127.6,129.3,126.9,125,122.4,124.1,137,141.4,156.1,158.4
Paper bag including craft paper bag,1308010003,0.00123,NA,NA,NA,100,100,100,100,100,111.7,118.2,136.4,143.2,169.7,173.5,180.3,177.6,140.9,133.4,123.9,129.2,168.2,179.2,181.1,173.1
Tissue paper,1308010008,0.02255,NA,NA,NA,103.4,112.8,117.5,121.8,121,117.8,119.1,124.5,125.1,123.1,123.7,133.3,137,140.7,140.7,151.4,155.2,171.2,174.1,190.4,200.7
Press board,1308010009,0.003,NA,NA,NA,100.3,101.1,102.9,108.4,108.7,108.2,105.9,102.2,102.2,100.4,100.7,103,103.8,106.4,107.5,104.1,102.9,110.4,114.1,125.5,127.8
Bristle paper board,1308010011,0.03288,NA,NA,NA,105.2,106.2,106.8,113,114.9,115,114.9,114.4,114.6,116.4,116.8,120.2,121.3,116.6,114.4,116.8,119.8,130.7,133.8,139.5,140.4
Pulp board,1308010013,0.00247,NA,NA,NA,101.9,104.7,104.8,102.9,104.3,109.3,107.2,100.2,100.4,101.4,100.6,99,100.2,100.9,99.6,94.9,95.9,108.5,114.6,133.9,136.4
Soda ash/washing soda,1310010007,0.06255,NA,NA,NA,115.2,115.2,117.2,127.3,128.3,126.4,125,122.6,123,125.1,125.9,131.4,134.9,140.6,138,128.4,126.9,137.3,148.9,188.5,193.6
Ethylene Oxide,1310010012,0.01294,NA,NA,NA,108.3,113.5,115.3,117.5,115.5,105.1,102.4,98.5,99.1,101.5,103.2,111.3,111.3,106,105.2,100.7,100.5,112.1,118.3,133.5,133.1
Camphor,1310010015,0.00751,NA,NA,NA,88.5,99.3,105.5,110,105.9,95.9,93.5,92,94,116.1,131.5,201.6,218.6,217.3,201.6,199.7,219.8,239.5,235.4,211.7,200.3
"Aniline (including pna, ona, ocpna)",1310010017,0.03068,NA,NA,NA,119.4,126.5,128.3,131.9,129.4,119,116.7,112.4,114.6,120.5,121.3,128,127.1,120.2,120.6,137.7,150.9,188.9,196.9,206.8,203.4
Nitric Acid,1310010018,0.02048,NA,NA,NA,104.9,112.8,112.6,121.8,126.5,136,138.4,145.4,144.4,126.7,123.7,138.9,142.2,136.5,135.5,141.1,149.6,175.5,187.4,245.1,249
Ammonium nitrate,1310010025,0.01281,NA,NA,NA,105,108.8,109.8,114.4,115.2,114.9,115.1,113.4,112.1,108.1,108.5,113,115,118.9,118.2,116.7,120,143.7,163,223.2,221.3
Ammonia gas,1310020007,0.04383,NA,NA,NA,120.2,118,115.7,113.3,113.4,100.3,94,88.4,85.8,82.2,84.3,89,91.9,98.4,96.1,91,91.6,114.4,133.3,198.4,211.4
Poly Propylene (PP),1310030001,0.19433,NA,NA,NA,110,122,126.4,132.7,128,112.1,107.1,104.7,108.1,108,108.6,119.6,121.4,117.9,114.3,108.2,116.6,139.2,140.8,138.4,135.2
"Polystyrene, expandable",1310030004,0.02619,NA,NA,NA,114.4,131.8,135.4,136.7,132.7,124.8,124.1,122.2,124.6,126.2,125.9,129.7,129.3,124.2,122.7,116.4,120.8,140.6,141.7,144.7,144.5
Agro chemical formulation,1310040002,0.06434,NA,NA,NA,110.9,118.1,120,127.4,129.6,134.3,137.2,139.1,138.5,135.5,133.6,134.2,137,143,144.6,149.6,151.1,156.4,159.3,174.1,176.8
Hair oil/Body Oil,1310060009,0.0089,NA,NA,NA,101.2,103.8,105.1,111.6,113.2,113.7,113.9,113.6,113.7,113.7,113.5,117.1,119.3,124.2,125,126.2,126.8,127.5,127.3,127.9,128.7
Shampoo,1310060010,0.01534,NA,NA,NA,103.7,102.8,101.6,100.6,99.5,97.6,98.1,98.6,98.5,94.6,91.9,90.3,91,87.9,87,86.2,87.7,96.7,98.2,101.2,101.8
g. Manufacture of other chemical products,1310070000,0.69227,NA,NA,NA,104.8,109.2,110.7,112.3,111.8,109.5,108.4,106.1,106.5,108.6,110.1,115.8,116.6,114.8,114.2,113.9,115.1,125.3,130.3,141.9,142.1
Polyester film(metalized),1310070003,0.08695,NA,NA,NA,101.5,111.2,114.3,115.4,114,112.6,111,105.3,105.9,106.1,107.6,116.1,117.7,118.1,117.5,113.9,114.2,122,126.7,135.6,132.5
Hydrogen peroxide,1310070007,0.03517,NA,NA,NA,104.8,109.4,111,107.9,104.7,99.1,98.4,101.9,103.9,113.1,122.6,153.4,147.3,109.9,110.7,111.2,104.8,109,111.6,117.1,119
Organic chemicals,1310070013,0.04383,NA,NA,NA,100.3,99.4,101.6,109.3,110.6,109.5,106.8,99.2,99.8,106.9,108.6,113.1,114.5,111.2,108.9,106.7,108.5,128.2,137.3,145.8,140.8
Tractor Tyre,1312010002,0.03327,NA,NA,NA,100.1,99.3,99.8,99.6,98.5,97.3,97.3,95.4,95.6,96.9,96,93.5,93.9,93.4,92.7,90.4,90.6,97.7,100,104.1,105
Medium & heavy commercial vehicle tyre,1312010004,0.12918,NA,NA,NA,102.5,103.1,105.1,106,106.2,104.9,103.4,98.5,98.5,98.6,97.3,97.3,97.9,97.5,97.2,96.1,96.7,103.2,104.9,110.5,112.6
Processed rubber,1312020003,0.01724,NA,NA,NA,99.4,99.9,101,95.1,92,88.7,88.6,90.2,92.1,93.2,92.8,94.3,94.1,94.7,94.9,90.5,91.3,102.5,105.5,110.3,109.6
PVC fittings & other accessories,1312030001,0.1621,NA,NA,NA,107.7,114.8,117.2,118.5,117.8,117.3,116.3,115.5,117.8,110,104.5,102.6,103.4,104,104.5,112.3,122.9,159.5,163.5,155.4,150.9
Plastic film,1312030004,0.24113,NA,NA,NA,105.1,110.7,113.9,118.4,116.2,111.9,111.8,110.2,110.3,107.7,107.4,110.2,111,109.9,109.2,110.4,113.7,126.6,130.4,135.7,134.7
Polythene film,1312030005,0.04306,NA,NA,NA,105.1,111.3,114.6,123.2,123.8,120.1,118.5,115.3,116.2,122.6,125.3,130.5,130.5,126.7,125.8,124.4,125.5,138.6,143.8,148.9,146.7
Plastic tube (flexible/non-flexible),1312030011,0.07563,NA,NA,NA,103.4,109.6,112.3,116.7,116.1,114.3,114.1,115.5,116.4,115.6,115.1,116.5,117.4,119.2,118.9,121.9,126.6,144.1,148.1,147.8,146.3
Toughened glass,1313010002,0.02939,NA,NA,NA,103.1,104.7,104.8,105.8,107,109.3,109.3,109.8,109.9,106.9,103.7,93.6,92.8,93.1,92.4,90.9,92.5,105,111.8,135.1,139.2
Non ceramic tiles,1313020001,0.0076,NA,NA,NA,108.2,111.6,113.1,119,120.2,123,124,123.4,122.5,127.3,129.6,140.9,145.7,148.6,148.5,147.4,147.2,152.9,157.1,173.3,176.3
c. Manufacture of clay building materials,1313030000,0.12113,NA,NA,NA,108.3,111.8,113,121.1,120.4,104.6,102.5,97.6,94.3,92.5,94,97.7,98,101.2,102.8,107.9,109.3,113.9,119.3,135.7,135.3
"e. Manufacture of cement, lime and plaster",1313050000,1.6448,NA,NA,NA,107.8,105.9,106.4,109.8,110.9,110.8,109.9,110.4,110.6,112.6,113.8,113.7,114.3,119,119.5,120.4,120.9,124.5,126.4,134.7,137.2
White cement,1313050006,0.18047,NA,NA,NA,105.5,110.1,112,115.3,115.8,117.1,117.5,118.8,119.5,119.1,119.3,123.6,125.4,126.4,125.1,122,121.6,123.3,123.5,127.7,131.3
Marble Slab,1313060002,0.09603,NA,NA,NA,104.7,108.9,111.1,117.4,117.5,120.8,122.8,124.5,125.2,127.8,128.7,129,128.9,126.9,126.5,125.9,125.6,128.3,129.3,131.8,132
Poles & posts of concrete,1313060005,0.02629,NA,NA,NA,105.4,111.2,113.5,117.4,117.5,118.6,117.8,116.3,117.1,120.5,121.7,124.2,125.6,128,128,129,129.8,134.1,136,145.5,148.5
Granite,1313070001,0.15735,NA,NA,NA,103.4,104.7,107.1,110.9,111.4,111.8,112.7,117.2,118,118.9,119.3,121.4,121.7,122.8,123.4,124.9,125.9,127.2,126.6,128.2,129.7
a. Inputs into steel making,1314010000,1.41103,NA,NA,NA,107.8,103,103.5,106.3,104.6,90.3,85.4,80.8,82.9,93.3,98.2,112.9,113,101.9,100.6,104.2,109.2,140.5,150.8,162.7,159.7
Sponge Iron/Direct Reduced Iron (DRI),1314010001,1.00352,NA,NA,NA,108.1,101.2,101.6,104.8,102.8,86.6,81.1,73.5,73.7,82.9,89.4,108.7,109,95.7,94.7,100.1,105.7,137.7,148.7,166.1,163.9
Silicomanganese,1314010005,0.21885,NA,NA,NA,108.3,108,108,108.2,106.4,95.4,92.5,97.2,103.6,119,121.8,126.3,126.1,120.6,118,116.1,117.9,144.6,154.2,145.5,136.3
b. Metallic iron,1314020000,0.65301,NA,NA,NA,103,96.7,97.2,99,96.5,81,77,76.8,79.4,92.5,99.4,117,117.8,109.2,107.7,108.7,113.3,139.9,147.7,165.8,165.9
Pig Iron,1314020001,0.65301,NA,NA,NA,103,96.7,97.2,99,96.5,81,77,76.8,79.4,92.5,99.4,117,117.8,109.2,107.7,108.7,113.3,139.9,147.7,165.8,165.9
"Stainless Steel Coils, Strips & Sheets",1314070003,0.02925,NA,NA,NA,106.3,109.4,111.3,116.1,117.1,110.3,104.6,100.2,105.2,116,116.4,120.1,120.8,117.1,114.5,113.3,118.1,145.8,154.2,160.2,157.9
Aluminium metal,1314090003,0.00188,NA,NA,NA,106.6,107.6,108.1,115.5,117.7,112.5,109.3,105.6,106.3,109.7,110.7,111.7,111,107.7,107.6,109.2,110.8,125.2,134.2,144.8,142.5
Copper shapes - bars/rods/plates/strips,1314090006,0.62858,NA,NA,NA,105.1,105.5,106.5,106.4,103.1,94.8,92.2,87.1,89.7,97.5,99.2,102.8,102.4,100.8,100.6,104.5,109,124.7,128.2,130.1,130.9
MS castings,1314100002,0.78655,NA,NA,NA,105.8,105.5,103.9,95.3,95.4,97.5,96.5,99.6,101.4,102.8,103.9,107.6,109.2,113.3,112.7,107.8,108.2,115.2,117.3,125.8,129
"(O). MANUFACTURE OF FABRICATED METAL PRODUCTS, EXCEPT MACHINERY AND EQUIPMENT",1315000000,3.15498,NA,NA,NA,103.2,102.6,103,105,105.8,106.4,105.9,104.5,105.1,108.4,109.5,113.9,115.1,115.9,115.5,114.5,115.9,127.1,130.5,137.8,139
"b. Manufacture of tanks, reservoirs and containers of metal",1315020000,0.65951,NA,NA,NA,102.1,102.2,102.4,102.5,104.2,109.3,109.1,107.3,109.2,120.1,122.6,127.4,127.3,124.7,124.4,124.4,127.8,150.4,156.2,161.7,161.1
Cylinders,1315020001,0.56456,NA,NA,NA,102,101.6,101.5,100.8,102.5,108.3,108.2,106.3,108.6,121.3,123.9,128.6,128.2,125.1,124.9,124.8,128.3,151.8,157.6,162.5,161.8
"e. Manufacture of cutlery, hand tools and general hardware",1315050000,0.20758,NA,NA,NA,99.7,98.8,99.6,101.5,102.4,105.2,106.1,110,111.5,106.2,102.3,99.5,99.7,100.2,100.5,101.9,102.9,107.1,108.2,111.8,112.2
Stainless steel utensils,1315050001,0.08546,NA,NA,NA,105,105,105.3,108.8,109.8,112.4,113.2,113.5,115.5,118.4,117.5,121.2,122.5,125.2,126,128.3,129.6,137.7,140.1,148.6,149.5
Iron/steel hinges,1315050003,0.003,NA,NA,NA,103.1,105.7,106.6,110.5,111.2,111.1,112.2,113.7,113.7,120,124.1,130.1,130.1,128.5,127.6,128.3,138.2,196.6,209.5,245,258.6
Pressure cooker,1315060008,0.04521,NA,NA,NA,105.3,110.8,112.2,114.6,115.6,117.8,118.6,117.5,117,117.4,119.1,125.5,125.9,125.5,125.4,124.3,125.1,131.5,134.3,140.6,141.7
Electronic Printed Circuit Board (PCB)/micro circuit,1316010003,0.07375,NA,NA,NA,109.5,110.9,111.9,116,116.9,118.8,120.6,127.3,129.4,134.3,134.9,136.5,136.7,133.6,131.7,127.6,127.9,131.5,133.5,137.6,136.7
Modems,1316030002,0.0042,NA,NA,NA,100,100.7,99.7,95.7,95.7,95.7,95.7,95.7,95.7,95.7,95.7,95.7,95.7,88,85.2,84.2,84.2,80.4,79.1,79.1,80.2
"g. Manufacture of irradiation, electromedical and electrotherapeutic equipment",1316070000,0.05546,NA,NA,NA,101.7,104.5,106.4,110.1,109.4,104.9,104.3,104.8,104.3,103.1,102.9,102.6,103.2,103.2,103.6,103.7,102.8,104.9,106.1,108.6,108.9
h. Manufacture of optical instruments and photographic equipment,1316080000,0.00751,NA,NA,NA,101.5,106,107.4,106.1,105.5,101,99,97.1,96.6,103.8,108,109.9,108.7,109,110.2,106.9,102.7,97.2,98.3,100.3,100.5
Electric switch gear control/starter,1317010007,0.02069,NA,NA,NA,101.3,106,107.6,109.8,109.7,111.1,111.5,109.9,108.9,106.3,105.5,105.3,105.7,107.8,108.5,110.2,111.5,116.6,118.4,122.2,123.3
Meter Panel,1317010008,0.05246,NA,NA,NA,101.9,100.8,101,103,103.8,107.1,108,107.6,107.5,109.6,110.3,112,112.3,112.6,112.6,112.6,112.7,113.5,113.9,115.1,115.5
Safety fuse,1317010011,0.00525,NA,NA,NA,106.8,115.6,115.8,118.6,120.9,127.2,127.3,124.1,123.9,122.8,122.7,120.3,117.2,109.6,109.6,109,108.8,111,112.7,118.8,119.4
c. Manufacture of fibre optic cables for data transmission or live transmission of images,1317030000,0.13327,NA,NA,NA,112.2,118.9,119.7,125.1,126,123.7,122.1,119.5,118.8,117.7,116.5,122.5,126.1,115,109.9,99.4,98.1,101.5,103.1,113.1,116.6
Insulating & flexible wire,1317040009,0.08644,NA,NA,NA,105.3,106.7,107.1,101.3,97.9,95.5,94.9,91.4,92.3,97.4,98.9,104.5,105.5,106.2,106.8,110.8,115.8,138.9,143.7,143.7,144
Incandescent Lamps,1317050004,0.0016,NA,NA,NA,103.5,104.6,104.7,106,106.1,105.4,105.1,104.4,104.5,106,106.5,109,109.6,111.1,111.8,112.6,112.8,114.3,114.3,114.1,114.2
Refrigerators,1317060001,0.13502,NA,NA,NA,110.2,117.6,119.2,119.7,119.5,121.8,123.6,126.7,126.9,129,129.9,129.6,128.2,124.2,123.8,123.7,124.2,127.9,129.4,131,130.8
Geyser,1317060004,0.00269,NA,NA,NA,108.3,118.6,116.8,109,109.6,109.6,108.5,103.6,102,100.4,101.1,101.9,101.9,101.9,101.9,101.9,102.1,104.4,105.5,109.7,111.5
Electric heaters,1317060009,0.04214,NA,NA,NA,118.3,125.1,128,139.4,140.7,147.1,148.2,147.6,145.8,149.6,153,154,154,154,149.5,135.8,135.8,137.9,140,157.2,160.9
Electric welding machine,1317070001,0.06077,NA,NA,NA,101.7,101.1,101,101.5,101.7,98.6,96.4,93.9,93.6,93.1,94.1,95.1,95.3,96.1,95.9,94.8,94.9,97.4,98.7,104.2,105.8
Motor Starter,1318040002,0.04757,NA,NA,NA,100.8,103.1,104.1,106.6,106.9,106.9,106.6,105,104.6,103.9,103.7,104.6,105.1,107.5,108,110.5,111.4,116.4,119.4,125.9,127.1
"e. Manufacture of ovens, furnaces and furnace burners",1318050000,0.00837,NA,NA,NA,115.5,111,107.2,100.3,98.8,86.6,83.7,79.9,77.8,77.5,78.5,78.5,78.2,79.2,80,81.7,80.2,73.9,74.2,78.5,79.8
Cranes,1318060001,0.0762,NA,NA,NA,102,101.7,101.6,105.1,105.2,97.5,95,92.9,93.5,96.5,96.8,101,104.7,112.5,113.2,113.8,114.8,122.6,126.9,138.1,139.4
Reprographic machine and scanners,1318070001,0.00582,NA,NA,NA,103.1,103.1,103.1,131.2,140.6,133.8,131.3,130.3,130.2,130.2,130.2,130.2,130.2,130.2,130.2,130.2,130.2,130.2,130.2,130.2,130.2
i. Manufacture of agricultural and forestry machinery,1318090000,0.83265,NA,NA,NA,104.7,105.3,105.5,107.6,108.3,110.7,111.2,112.1,112.3,112.3,112.8,115.7,116.9,120,120.6,121.3,121.6,126,128.4,135.4,137.2
Agricultural tractors,1318090001,0.52772,NA,NA,NA,104.4,104.5,104.4,106.3,107.2,110.5,111.4,113.1,113.6,114,114.2,116,116.7,118.8,119.4,119.9,120.2,123.2,124.8,130.2,132.1
Harvesters,1318090002,0.00364,NA,NA,NA,103.1,104.6,105.5,108.4,108.9,109.6,109.1,109,109.7,109.4,108.5,107.9,108.5,109.7,110.4,115.5,118.4,126.8,129.2,133.8,134.5
Precision machinery equipment/Form tools,1318100004,0.11948,NA,NA,NA,101.7,104.8,104.7,104.3,105.7,107.3,103.2,89.1,88,88.3,88.3,88,89,93.5,94.4,95.6,95.7,101.9,104.9,109.5,110
"k. Manufacture of machinery for mining, quarrying and construction",1318110000,0.37079,NA,NA,NA,105,98.1,94.2,88.9,89.5,90.7,89.6,82.4,79.6,75.7,75,75,75.7,75.5,75.1,75.4,75.7,77.4,78.2,83.2,84.9
Mixing machine,1318110006,0.00216,NA,NA,NA,105.1,103.3,103.9,105.9,106.1,107,106.8,105.8,105.2,105.1,106.3,108.9,109.1,109.6,109.6,109.7,109.8,111.3,112.8,117.5,118
Separator,1318120004,0.00246,NA,NA,NA,107.5,114.4,117.7,124.9,125.1,122.6,121.4,115.7,114.9,113.7,111.3,106.7,106.6,106,105.9,105,105.4,110.2,111.7,117.4,119
"m. Manufacture of machinery for textile, apparel and leather production",1318130000,0.19214,NA,NA,NA,102.5,105.5,106.5,110.2,112.1,112,110.7,114.3,116.2,116.5,117.4,120.1,119.9,119.8,119.7,120.9,121.9,124.1,125.3,129.1,130
Packing machine,1318140005,0.01276,NA,NA,NA,92.7,103.8,106.4,104,104.4,109.2,111.1,113.1,112.1,109,109.4,107.6,106.3,108.3,109.5,108.5,107.9,106.3,106,111.8,114
"(S). MANUFACTURE OF MOTOR VEHICLES, TRAILERS AND SEMI-TRAILERS",1319000000,4.96853,NA,NA,NA,102.8,107.4,107.4,109.1,109.8,110.9,110.7,110.5,110.4,110.6,110.7,112.2,112.8,113.8,114.5,116.9,117.8,121.1,122.7,127.1,127.6
Minibus/bus,1319010002,0.79295,NA,NA,NA,105.9,108.8,108.1,108.6,109.7,110.8,111,112,111.6,114,115,116,116.5,118.3,120,126.6,128.4,131.7,134.2,141.6,141.8
Engine,1319020001,0.83798,NA,NA,NA,103.7,105.9,106,106.2,106.7,108.4,108.2,106,105.3,104.9,105.3,107.2,108.4,111.7,113.3,116.7,117,119.8,121.2,126.4,126.6
Radiators & coolers,1319020006,0.06161,NA,NA,NA,101.3,107.5,109.7,113.6,115,114.9,113.2,111.7,111.7,108.7,108.3,108,109.7,116.8,118.3,120.6,122.6,131.4,134,142.8,145.5
Crankshaft,1319020008,0.02807,NA,NA,NA,95.8,92.8,90.9,96.1,98.8,99.1,98.1,96.3,96.7,99.7,100.4,102,100.7,96.9,97.8,100,100,102,105,113.6,113.7
Head lamp,1319020011,0.03681,NA,NA,NA,99.5,101.2,102.3,104.6,105.6,113.7,116.9,121.7,122,124.7,126.3,131,132.5,130.9,129.4,130.3,131,136.9,141,149.9,150.8
Cylinder liners,1319020014,0.08823,NA,NA,NA,105.6,106.3,108.1,110,109.5,108.4,108,105,105,105.4,105.2,105.4,106.1,110.7,110.8,109.1,110.5,115.2,112.2,106.5,108.8
"Fishing vessels, trawlers",1320010001,0.1134,NA,NA,NA,105.5,131.8,141.4,160.7,160.7,160.7,160.7,160.7,160.7,160.7,160.7,160.7,160.7,160.7,160.7,160.7,160.7,160.7,160.7,163,164.2
Diesel/Electric locomotive,1320020003,0.01891,NA,NA,NA,104.1,119.4,120.8,118.7,118,112,113,120,122.6,134.8,138,141.5,141.5,140.9,139.6,135.2,134.7,134.7,134.7,134.7,134.3
Scooters,1320030002,0.12322,NA,NA,NA,101.3,98.6,97.1,96.9,98,98.5,97.2,95.7,97.3,99.6,99.6,101.2,101.4,102.6,103.9,106.4,107.4,112,113.1,118.3,120.2
(U). MANUFACTURE OF FURNITURE,1321000000,0.72672,NA,NA,NA,105.4,109.8,111.5,116.5,116.5,113.1,112.7,113.6,114.1,118.6,120.3,125.5,127.3,130.3,130.9,131.4,133.2,146.2,150.1,156.3,157.2
Iron/Steel Furniture,1321010004,0.26311,NA,NA,NA,104.2,108.2,109.6,113.2,112.1,103.3,102.6,105.6,105.7,109.3,111.8,117.5,118.5,119.2,119.1,120,121.7,133.6,137.2,137.1,136
"Stringed musical instruments (incl. Santoor, Guitars, etc.)",1322020001,0.00124,NA,NA,NA,105.6,114,120.3,132.6,133.8,146.4,153.7,159.7,158,164.1,171,176.1,174.1,174,174,171.2,173.7,192,192.3,187,189.3
c. Manufacture of sports goods,1322030000,0.01238,NA,NA,NA,106.5,106.5,106.6,111.8,113.9,117.1,118,123,124.7,126.2,126,127,127.4,128.7,129.7,131.3,132,137.8,140.4,148.5,150.5
Football,1322030004,0.00562,NA,NA,NA,105.9,106.1,106.2,111.9,113.7,115.9,117.5,124.4,125.7,126.4,126.5,128,128.4,128.4,129.3,132.5,133.5,139,141.7,150.6,152.9
Playing Cards,1322040001,0.00207,NA,NA,NA,104.2,109,110.7,116.3,117.8,121.6,124.2,126.8,126.9,129.4,130.3,132.2,132.6,134.9,134,138.2,141.6,146.9,150.1,161.5,162.5
Plastic moulded-others toys,1322040003,0.0021,NA,NA,NA,106.1,110.8,112.7,116.8,117.6,119.5,120.2,120.3,120.7,123.6,124.5,128.2,130,135.1,136,137.9,138.9,143.1,143.5,146.2,147.5
I    PRIMARY ARTICLES,1100000000,22.61756,NA,NA,NA,111.4,120.7,122.4,125.2,125.1,123.9,124.6,127.9,128.9,130.2,130.6,132.9,134.2,141.2,143.3,144.7,145.7,155.1,160.7,175.4,176.8
Bajra,1101010104,0.08637,NA,NA,NA,120,132.9,133,131.6,129.6,128.6,133.8,153.3,155.1,144.8,139.1,138.3,150.4,189.5,193.7,173,161.2,157.4,167.9,204.5,213
Ragi,1101010107,0.00738,NA,NA,NA,139.9,169.7,167.5,160,161,160.2,161,178.2,198.6,242.4,234.1,212.6,214.7,223.3,220.9,224.6,228.3,230.2,231.7,221.2,218.4
Masur,1101010204,0.05299,NA,NA,NA,115.5,128.4,132.9,146.9,153.9,183.1,188,184.1,176.9,143.9,135.4,121.4,122.9,135.3,139.8,155.3,160.3,183.1,192.5,202.3,200.3
Peas/Chawali,1101010206,0.02444,NA,NA,NA,131.1,139.9,137.5,131.1,132.7,132.8,132.8,139.9,141.3,133.7,135.7,156.6,165.4,184.3,188.7,197.1,196.7,207.5,210.3,213.5,206.2
b.  FRUITS & VEGETABLES,1101020000,3.47508,NA,NA,NA,114.9,138.9,140.4,143,146.5,140.5,139.2,140,138.7,152,155.9,146.9,147.3,169,174.7,180.4,179.2,179.3,187.6,204.6,200.6
Potato,1101020101,0.27737,NA,NA,NA,162.9,171.4,176.5,235.2,227.3,125.7,127.5,183.4,175.6,112.9,117.9,187.9,192.6,170.3,193.9,307.2,290.7,188.7,191.4,242.9,238.1
Cauliflower,1101020108,0.16697,NA,NA,NA,110.5,127.7,125.6,119.3,122.6,113.7,110.9,120.6,118.2,112.2,107.6,120.6,140.2,179.3,192,187.5,177.7,204.2,231.9,233.4,212.7
Brinjal,1101020109,0.24125,NA,NA,NA,110.2,140.4,134.6,114.5,122.4,118.7,123,132.1,125.8,166.4,177.5,157,160,179.8,179.2,174.6,172.4,189.6,214.9,216.6,200.7
Beans,1101020118,0.08309,NA,NA,NA,117.2,132.5,130,121.8,121.6,130.5,137.6,141,143.3,153.2,137.1,98.5,106.9,134.6,137.2,142.8,149.4,155.8,156.8,171.9,169.8
Pumpkin,1101020119,0.00465,NA,NA,NA,123.8,157.6,159.1,144.5,149.5,132.1,118.5,136.5,140.3,139,141.8,128.9,126.3,153.3,164.2,172,167.1,152.5,161.7,185.2,176.5
Orange,1101020204,0.12653,NA,NA,NA,110.5,111.1,107.8,108.5,111.8,108.3,106.9,118.1,124,124.9,125.2,121.9,112.8,109.6,111.1,111.2,130,203.6,222.5,220.6,231.6
Litchi,1101020211,0.02955,NA,NA,NA,141.2,138.5,138.5,164.7,164.7,169.8,169.8,186.2,186.2,163.4,163.4,129.8,129.8,131.7,131.7,127.5,127.5,126.7,126.7,218.2,218.2
Mosambi (Sweet Orange),1101020214,0.02521,NA,NA,NA,100.3,106.9,107.7,110.6,115.5,112.6,113,136.4,142.6,120.6,113.7,122.3,125.2,154.4,159.2,137.5,144.1,166.9,163.2,168.8,174.7
c.  MILK,1101030000,4.43999,NA,NA,NA,107.6,113.2,116,124.4,126.6,130,130.5,133.3,134.3,138.5,139.7,142.5,143.1,145,146.7,152.2,153.4,155.8,156.9,164,167.8
Egg,1101040001,0.23264,NA,NA,NA,110.6,118,122.1,124.7,122.7,124.5,126.3,132.6,132.8,134.4,137,138.6,139.6,142.1,141,145.4,148.1,170.4,179.1,173.1,168.7
Mutton,1101040004,0.44094,NA,NA,NA,109.7,118.4,120.8,126.4,129.1,134.9,134.9,134.3,133.9,132,131.9,131.9,131,129.6,132,148.6,156.9,172.1,172.6,178,181.8
Cardamom,1101050004,0.01434,NA,NA,NA,109.7,102.5,102.1,114.6,121.8,126.1,122.3,130.6,139.3,136.1,129.4,127.5,129.6,169.8,184.6,165.7,152.1,130.2,125,114.3,117.2
Garlic,1101050008,0.05323,NA,NA,NA,38.3,59.2,70.2,90.7,95.8,122.6,134.1,153.1,154.9,99.1,75.6,50.3,47.5,96.5,118.6,117,109.7,97.8,87.5,62.5,64.5
Coffee,1101060002,0.09879,NA,NA,NA,97,88.8,88.3,106.9,112,108.5,106.6,98.9,99.5,100.4,98.2,93.6,94,96.6,96.7,102.9,102.5,108.5,119,150,151.5
Groundnut Seed,1102020001,0.26876,NA,NA,NA,120.5,114.5,108.2,103.9,106.9,124.5,127.9,136,138.2,127.6,122.5,115.6,118.3,137.8,142.5,150,154.8,163.1,164.2,172.9,179.8
Tanning Materials,1102030003,0.00418,NA,NA,NA,100,100,100,100,100,100,100,100,100,88.5,79.9,65.5,66.8,72.7,73.3,73.3,73.3,73.3,73.3,73.3,73.3
(C).  MINERALS,1103000000,0.83317,NA,NA,NA,118.2,116.2,114.4,119.3,118.6,107.5,105.6,111,113.1,119.2,122.5,133.2,136.5,150.3,154.5,158.5,164.9,186.1,197.2,206.6,203.5
a.  METALLIC MINERALS,1103010000,0.64818,NA,NA,NA,112.1,107.6,105.2,113.7,112.2,94.8,91.7,95.8,98.4,105.9,109.1,119.4,123,142.5,147.4,151.5,159.8,181.3,193.3,198.2,191.7
Zinc Concentrate,1103010003,0.02752,NA,NA,NA,109.3,119.8,123.4,155.3,164.6,168,166.3,158,158.1,177.3,182.9,193.1,196.2,210.2,215.3,193.5,189.2,244.4,261.4,292.1,293.3
Sillimanite,1103020004,0.00061,NA,NA,NA,86.7,82.1,82.1,82.1,82.1,82.1,82.1,84.9,85.7,86,85.8,92.8,101.4,125.3,127.6,127.6,127.6,127.3,127.2,127.3,127.3
Natural Gas,1104000002,0.46423,NA,NA,NA,113.8,123,126.8,132.1,138.5,147.3,142.6,119.8,112.3,105.1,106.4,121.2,126.2,134.2,134.5,114.7,105.6,104.9,110.1,186.4,221.9
II FUEL & POWER,1200000000,13.1519,NA,NA,NA,107.1,112.2,114.7,114.6,107.7,90.1,86.5,82.2,86.3,92.2,93.3,103.4,104.1,101.7,102.2,93.3,94,116.1,124.6,155.2,159.5
(A). COAL,1201000000,2.13813,NA,NA,NA,102.1,103.8,104.8,106.7,106.7,106.6,106.5,106.7,109,117,118.7,122.9,123.3,124.5,125.3,126.5,126.6,128,129,132.3,133.3
c.) Non-Coking Coal G15 to G17 [GCV < 3100 Kcal/kg.],1201020003,0.01203,NA,NA,NA,103.3,108,110.8,115.4,115.4,115.4,115.4,123,126.3,128.5,127.3,123.2,123.1,123.1,123.1,123.3,123.8,125.2,125.2,125.2,125.2
Lube Oils,1202000009,0.29199,NA,NA,NA,109.6,113,114.2,117.6,118.8,120.6,120.8,118.3,116.8,113.7,114,121.3,124.8,131.2,131.7,134,137.2,157.8,162,174.7,180
(A). MANUFACTURE OF FOOD PRODUCTS,1301000000,9.12173,NA,NA,NA,108.7,112.5,114.1,116.6,116.2,113.9,114.5,122.5,125.4,127.6,127.4,128.3,128.6,131.7,133.9,138.9,141.4,154.5,157.9,165.1,165.3
a. Processing and preserving of meat,1301010000,0.13405,NA,NA,NA,111.3,121.6,125.3,128.5,130.1,134.8,133.6,135,137.1,134.8,134.4,136.9,136.7,137.1,137.5,136.4,137.2,142.1,142.8,143.3,143.7
"Buffalo meat, fresh/frozen",1301010001,0.07438,NA,NA,NA,113.6,122.2,126.2,129,129.8,135.3,132.7,135,137.9,131.9,131.3,135.4,134.2,132.2,132.7,131.7,132.8,137.5,137.5,137.5,138.5
Shrimps/Prawns - Processed/Frozen,1301020001,0.06329,NA,NA,NA,95.7,122.8,135.5,141.7,134.9,116.1,115.5,124.1,124.2,122.1,121.9,121.3,119.6,118.3,119.7,121.1,121.2,121.2,121.5,122.7,123.2
Fruit pulp,1301030002,0.03326,NA,NA,NA,104.6,108.3,109.9,113.1,115.2,120.9,121.5,124.8,124.5,118.5,117.5,110.5,107.5,106.8,107.3,108.8,109.6,110.5,110.5,118.3,120.7
"Jams, jellies, marmalades and puree",1301030003,0.02391,NA,NA,NA,106.1,111.5,112.7,117.6,118.8,124.9,128.3,135.7,137,143,144.6,148.1,148.7,147.6,147.9,157,159.6,162,162.8,158.2,158.2
d. Manufacture of vegetable and animal oils and fats,1301040000,2.64293,NA,NA,NA,106.3,102.7,104,103.8,102,99,98.7,104.2,107,108.3,109.4,117.5,117.6,115.6,119.3,134.5,143.5,180.7,187.2,189.1,181.9
Powder Milk,1301050005,0.16715,NA,NA,NA,103.5,112.5,118.4,130.4,131.4,125.4,121.2,114,116.8,127.1,125.5,112.9,112.6,133.3,142.3,146,143.4,141.9,142.7,158,163.7
Sooji (rawa ),1301060004,0.02473,NA,NA,NA,114.5,126.5,128.6,131.1,131.3,131.9,131.9,138.3,141.8,140.7,138.6,143.2,146.8,152.3,153.2,151.2,148.1,145.3,147.7,166.4,173.6
g. Manufacture of starches and starch products,1301070000,0.10955,NA,NA,NA,106,111.4,111.5,110.2,108.9,108.7,110.9,115.3,114.6,112.5,112.6,112.6,116.6,134.2,135.5,119.6,115.9,126.4,133.3,156.1,158.9
Molasses,1301090002,0.04486,NA,NA,NA,116.6,130.2,133.4,146.3,145,134.2,137.2,157.7,166.2,163,135.2,40.9,30.9,79.2,102.6,117.8,116.4,124.8,130,139.8,140.8
Bagasse,1301090003,0.0276,NA,NA,NA,111.4,123.4,127.1,133.3,132.9,133.1,134.1,136.9,140.7,150.8,149.4,142.2,140.3,142.9,146.5,143.5,136.4,126.9,130.2,143,145.3
Sugar confectionary,1301100002,0.07816,NA,NA,NA,105.3,106.5,107.1,110.8,111.6,113,113.9,119.3,120.7,123,124.4,123.4,122.8,126.5,127.1,129.5,130.2,128.2,128.4,131.3,132
Noodles & similar extruded products,1301110001,0.0264,NA,NA,NA,107.3,110.9,112.6,115.1,117.2,121.9,122.1,135.7,137.1,132.6,131.4,131.8,134.5,134.4,132.7,131.9,132.3,133.3,136.7,153.8,155.8
Instant Coffee,1301120002,0.03292,NA,NA,NA,112.2,114.5,114.2,116.1,118.2,122.6,121.5,115,115.2,120.2,120.3,114.8,113.7,114.3,115,119,119.3,118.1,120.4,132.4,135
Gola & similar Cattle Feed,1301160001,0.21073,NA,NA,NA,123.9,138.6,141,142.2,141.6,144.8,148.4,157.4,158.3,155,154.1,155.3,157.4,171.4,174.7,171.9,171.9,191.3,197.9,209.3,213.3
Mustard oil cake,1301160005,0.03512,NA,NA,NA,161.6,150.1,148.7,152.3,156,200.5,218.9,240.9,233.2,187.9,182.6,187,187.6,192.7,195.7,197.3,202.5,240.2,246,213.3,200.7
(B). MANUFACTURE OF BEVERAGES,1302000000,0.90907,NA,NA,NA,104.5,108.8,110.1,113,113.3,113.4,113.9,115.6,116.1,118.2,118.9,120.2,120.7,123,123.6,124.4,124.5,126.1,126.8,128.2,128.9
a. Manufacture of wines & spirits,1302010000,0.40833,NA,NA,NA,105.2,109.4,110.5,113.1,112.7,110.5,110.8,112.7,113.3,114.1,113.8,113.4,113.8,116.7,117.8,119.9,120.2,122.4,123.6,127.7,129.3
Spirits,1302010001,0.23997,NA,NA,NA,105.5,109.6,110.3,111.9,111.5,108.1,107.4,107,107.1,106.7,106.6,106.4,106.5,109.1,109.9,110.9,110.9,113.7,114.7,116.7,118.2
a. Manufacture of tobacco products,1303010000,0.51357,NA,NA,NA,108.4,113,114.4,120.3,123.3,131.5,133,139.6,141.6,146.1,148.4,150.1,150.4,153.1,153.4,156.2,157.2,159.5,160.2,163.7,165.3
Other tobacco products,1303010003,0.23555,NA,NA,NA,105.3,109.7,111.5,113.3,114.6,118.4,118.1,122.8,125,131.3,133.2,128.5,126.9,126.3,125.4,125.3,127,129.6,129.5,135.2,137.7
Woollen yarn,1304010004,0.10192,NA,NA,NA,101.1,106.3,108.1,111.1,111.4,106.7,105.5,105.6,106,106.9,107.6,111.4,113.2,115.4,114.7,109.7,108.8,113.5,115.8,115.8,114.8
b. Weaving & Finishing of textiles,1304020000,1.50903,NA,NA,NA,103.6,108.2,109.8,113.7,114.3,116,117.3,120.7,120.9,121.3,122,125.6,127.3,129.8,130.1,130.1,131.7,143,146.8,157.1,158.9
Cotton woven cloth,1304020001,0.00942,NA,NA,NA,101.7,108.1,110.6,113.7,114.1,114.7,114.8,115.7,115.9,115.4,114.3,112.4,112,109.3,109.7,111.8,112.8,118.7,122.6,137,139.1
"d. Manufacture of made-up textile articles, except apparel",1304040000,0.2985,NA,NA,NA,105.3,108.3,109.9,114,115.1,117.2,117.5,120.5,121.7,124.1,124.6,127.9,130.3,134.8,134.5,132.3,132.3,136.1,138.7,151.3,153.6
Cordage/ropes/twines of jute and coir,1304050002,0.08865,NA,NA,NA,108.5,115.7,118.9,127.8,131,142,144.9,147,146.9,147.1,145.3,141.9,141.7,144.1,146.6,155.6,160.4,173.9,174.1,166,161.1
Trouser/pants made of cotton and/or man-made fibre,1305010002,0.01377,NA,NA,NA,102,103.5,105.6,114.2,115.9,119.2,120.2,121.8,122.7,125,125.8,127,128.1,130.5,130.1,128.5,127.6,127.6,129.2,137,139.6
"Babies garments, knitted",1305020003,0.08874,NA,NA,NA,100.1,107.4,111.7,111.4,109.6,111,110.6,119,123.8,131.1,133.7,137.7,137.7,137.8,138.6,140.5,140.7,144.9,146.7,152.5,154.2
(F). MANUFACTURE OF LEATHER AND RELATED PRODUCTS,1306000000,0.5354,NA,NA,NA,107.3,112.6,114.8,120.2,120.7,120.9,122,123.2,122.6,120.1,120.1,121.8,121.8,119.3,118.6,117.9,117.9,118.4,119.2,122,122.2
"b. Manufacture of luggage, handbags, saddlery and harness",1306020000,0.0754,NA,NA,NA,109.1,117.6,120,124.1,123.9,128.7,132.2,133.4,132.3,130.8,131.2,134.2,134.7,135.5,136.3,138.1,138.6,140.3,141.5,142,141
c. Manufacture of footwear,1306030000,0.31785,NA,NA,NA,104.4,108.9,110.6,114.9,115.4,116.1,117.6,121.6,121.5,120.7,121.6,123.3,123.5,121.4,120.3,120.1,120.6,120.9,121,124.3,125.2
Lamination wooden sheets/Veneer sheets,1307020003,0.18314,NA,NA,NA,115.1,123.4,125.2,130.8,132.5,143.6,147.3,147.8,147.4,151.7,154.8,163.5,165.7,163.7,162.3,162.5,163.3,167.3,168.7,161.5,157.7
Wooden board (non-electrical),1307030002,0.00862,NA,NA,NA,103.7,108.9,109.9,112.6,112.7,112.7,112.9,113.4,113.3,110.7,107.8,101.6,102.1,103.6,103.6,102.4,101.9,101.7,101.8,101.2,100.5
Wooden block - compressed or not,1307040001,0.00965,NA,NA,NA,104,107.7,109.7,112.1,112.7,116.9,117,117.4,119.1,126.2,128.4,136.1,138.5,140.5,140.3,141.2,141.8,142.7,143.6,148.3,149.7
Base paper,1308010004,0.01093,NA,NA,NA,107.3,110.4,111.4,118.4,119.5,116.1,115.3,114.9,115.5,123.6,126.8,124.5,122.6,118.7,118.2,121,125.9,143.1,147.1,155,153.1
Corrugated paper board,1308020002,0.01591,NA,NA,NA,100.6,104.7,106.5,110,111,112.6,114.3,117.7,119.9,126.1,123.5,120.2,121.2,122.9,123.1,126.9,128.8,138.5,143.9,156,157.4
Paper carton/box,1308020004,0.0764,NA,NA,NA,100.7,105.6,107.6,113.1,114.8,119.8,122.3,127,127.5,128.9,130.3,135.4,136.8,138.1,137.6,137.5,138.9,148.9,152.6,162.8,163.4
Laminated plastic sheet,1308030003,0.02803,NA,NA,NA,105.1,114.2,116.8,118.7,115.9,109.2,107.9,105.2,106.1,110.8,111.9,113.9,115.4,117.8,116,108.3,107.9,116.2,119.9,128.7,131.1
Newspaper,1309010001,0.03031,NA,NA,NA,109.5,117.4,121,130.7,132.3,132.9,131.7,130.1,130.5,131.2,131.9,136.9,138.2,140.4,140.6,143.8,145.5,150.4,151.7,154.4,155.3
Journal/periodical,1309010002,0.21333,NA,NA,NA,108.2,118.2,120.9,129.4,132.6,140.6,142.7,148.8,149.7,148.5,148.5,152.2,152.4,154.8,158.2,161.6,161.7,166.6,168.9,182.8,190.7
Sticker plastic,1309010007,0.01846,NA,NA,NA,97.5,98.2,97,95.5,96.7,94.3,93.1,88.5,87.6,89.3,88.8,89.2,89.7,91.6,91.4,89.8,89.6,92.5,94.6,100.6,101.7
(J). MANUFACTURE OF CHEMICALS AND CHEMICAL PRODUCTS,1310000000,6.46505,NA,NA,NA,108.3,111.9,113.3,116.6,116.1,113.3,112.6,110.9,111,111.6,112.5,117.9,119.1,118.5,117.5,116.4,118.2,129.4,133.5,144.7,145.4
a. Manufacture of basic chemicals,1310010000,1.4333,NA,NA,NA,107.2,110.2,112.1,115.6,114.1,107.4,105.8,104,104.7,108.4,111.2,123,125,122.2,119.9,116.1,118.6,137.1,143.8,159.8,159.2
Fatty acid,1310010001,0.02257,NA,NA,NA,103.5,99.8,102.5,105.6,102.7,90,87.4,92.5,97,100.9,100.8,101.7,100.4,96.3,97.4,105.8,110.9,132.5,139.8,154.8,152.9
Organic Solvent,1310010002,0.00015,NA,NA,NA,108.2,117.1,118.7,116.6,113,99.4,96.9,96.3,98.3,99.3,100.1,109,107.9,97.4,96.7,91.8,93.4,115.2,123,131.3,128.1
Caustic soda (sodium hydroxide),1310010006,0.08237,NA,NA,NA,122.4,113.6,114.3,117.3,114.9,116.4,120.1,123.5,124.8,144.9,155.8,164,162.3,149.7,137.9,112,108.2,132,154.6,214,212.9
Alkyl Benzene,1310010011,0.07318,NA,NA,NA,106.2,114.4,117.6,114.3,105.7,87.1,86.1,82.3,83.2,85.8,86.6,94.6,94.8,91.4,91.7,89.9,92.6,116.6,121.7,135.4,136.6
Other Petrochemical Intermediates,1310010013,0.00684,NA,NA,NA,91,96.1,99.4,107.9,106.4,105.7,107.5,103.6,102.7,103,103.9,109.3,110.7,112.2,112.1,110.9,111.8,121.9,125.8,130.1,126.4
Other Inorganic Chemicals,1310010023,0.28422,NA,NA,NA,102.8,102.7,102.2,102.5,102.7,102.3,101.7,104,105,105.5,107.2,118.6,122.5,125.4,124.3,124.3,126.8,139.5,144.4,154.1,152.8
Phthalic anhydride,1310010024,0.0191,NA,NA,NA,122,126.4,127.8,111.3,99.6,83.1,80.1,80.8,87.8,96,96.4,108.4,108.2,99.2,98.5,90.4,94.1,112.6,118.1,137.4,137.6
Catalysts,1310010026,0.01697,NA,NA,NA,108.2,115.2,117.5,127.1,130.4,127.3,124,120.4,122.2,126,127.1,129.9,131.7,140.7,145.2,151.7,151.1,160.7,164.9,192.2,197.1
Mixed fertilizer,1310020005,0.45476,NA,NA,NA,121.3,124.8,125.9,129.3,130,131.1,131.8,128.2,126.1,123.3,123.5,127.8,129.6,134.5,135.8,139.4,140.5,146.1,149.5,165.2,169
Poly Vinyl Chloride (PVC),1310030002,0.08347,NA,NA,NA,106.5,110.6,113.1,115.4,113.2,107,105.5,106,108.6,110.9,110.9,115,115.9,114.6,114.4,117.9,124.4,148.5,153.1,146.4,139.7
Insecticide and Pesticide,1310040001,0.38578,NA,NA,NA,106.9,108.3,109.6,116.9,119.1,120.7,120,113.7,112.6,111.9,111.9,115.5,117.1,119.3,118.7,118.9,119.6,123.5,126.8,136.5,136.3
"Fungicide, liquid",1310040003,0.00357,NA,NA,NA,104.7,114,120,127.2,126.6,132.6,141.6,172.5,176.5,166.5,158.1,149.5,152.7,155.5,154.8,153.1,155,188,208.1,286.5,305.6
Powder coating material,1310050003,0.01208,NA,NA,NA,105.2,107.5,108,107.2,106.1,103.6,104,105.7,105.6,107.6,108.2,111.1,112.4,113.4,113.1,111.1,110.9,117.7,121.3,130.9,132.9
"Epoxy, liquid",1310070008,0.09037,NA,NA,NA,100.5,103.9,106.3,107.2,105.9,103.9,102.6,100.6,100.5,103.3,106.1,113.7,114.9,117.3,117.3,115.3,116.3,123.3,125.7,126.2,122
Polyester chips or Polyethylene terepthalate (PET) chips,1310080001,0.14608,NA,NA,NA,101.2,103.3,102.7,98.3,94.1,84.6,83.6,82.5,85.4,89.5,90.2,99.3,100.1,92.3,89.4,81.3,82.9,96.1,98.5,100.9,98.6
Acrylic fibre,1310080002,0.04353,NA,NA,NA,101.7,104.9,106.5,107.2,105.9,101.2,100.2,99.8,100.2,101.5,102.8,107.7,107.8,106.5,106.4,104.3,104.7,111.9,115.9,125.2,124.8
Viscose staple fibre,1310080003,0.01984,NA,NA,NA,101,100.3,100.3,101.5,99,89.2,88.5,92.2,93.8,95.2,95.8,97.7,98.2,97.9,96.9,94.2,94.3,93.6,93.4,95.9,95.9
Polyester fibre fabric,1310080004,0.08691,NA,NA,NA,104.6,110.4,111.4,111.2,110.5,107.7,107.3,106.3,105.9,106.7,107.4,109.7,110.1,109.3,108.4,105.2,106.1,114.9,118.6,127.8,127.3
"a. Manufacture of pharmaceuticals, medicinal chemical and botanical products",1311010000,1.99345,NA,NA,NA,104.8,107.2,108.3,113.2,114.5,117.7,118.7,119.4,119.7,121,121.2,122.3,123.5,126.2,127.3,130.4,130.9,134.6,135.9,139.7,140.9
Anti inflammatory preparation,1311010001,0.00306,NA,NA,NA,100.3,104.8,106.3,116.8,121,128.6,130.8,132.3,132.3,130.6,127.3,124.6,128.5,126.8,123,115.2,111.5,118.8,138.7,188.4,190.7
"Vials/ampoule, glass, empty or filled",1311010004,0.0263,NA,NA,NA,105.6,104.3,102.8,102.2,104,106.6,107.6,107,106,109.2,109.7,109.7,111.2,110.6,109.4,105.7,104.9,110.1,113.6,118.9,118.5
Anti-retroviral drugs for HIV treatment,1311010005,0.01316,NA,NA,NA,100.2,97,96.8,96.6,95.3,98,101.1,104.5,103.7,101.9,101.8,102.2,102.3,102.7,102.9,104.7,106.1,106.6,106.4,105.4,104.4
Ayurvedic medicaments,1311010009,0.06506,NA,NA,NA,109.2,114.7,115.9,122.2,124.4,127.6,128.6,131.7,132.2,133.9,135.2,139.3,140.6,146,147.4,151.9,153.6,158.1,159.8,164.2,164.8
Antiseptics and disinfectants,1311010017,0.0146,NA,NA,NA,104,111.4,113.5,116.4,113.5,107.5,108.5,105.3,103.9,105.1,104.7,103.5,104.1,106.7,107.2,105.4,105.2,107,107.7,112,115.6
IV fluids,1311010022,0.01785,NA,NA,NA,111.7,117,117.3,113.3,112.8,112,112.1,113.1,113.1,107.9,105.4,102.9,104.1,108.4,109,105.8,104.4,107.9,110.9,122.3,124.5
Motor Car Tyre,1312010001,0.20706,NA,NA,NA,101.4,104.5,105.8,106,105.7,104.2,103.6,102.3,102.9,102.2,101,99.6,99.6,99.2,99,98.7,98.9,102.8,105,109.9,111.1
Rubberized dipped fabric,1312010006,0.00203,NA,NA,NA,101.9,102.7,105,107.5,104.8,90.9,86.5,83.8,89.7,104,104.4,109.3,108.9,100,97.5,91.7,93.8,121.1,133,151.9,146.6
Motor Car Tube,1312010007,0.01126,NA,NA,NA,99.9,101.4,101.6,101.2,101.5,99.5,98.4,100.2,101.2,100,98.2,94.9,94.9,94.6,94.2,92.4,92.1,94.5,94.8,95.9,97.1
2/3 wheeler rubber tube,1312010009,0.01601,NA,NA,NA,104,107.4,108.7,111.3,111.6,111.6,112,112.3,112.5,116.2,117.8,122.2,123.2,123.3,122.6,121.3,121.5,124.7,126,130.9,132.9
Conveyer belt (fibre based),1312020005,0.04791,NA,NA,NA,108,105.6,104.3,102.4,101.1,96,95.1,91.3,90.2,90.9,91.5,92.2,92.8,97.5,98.2,97.1,97.3,102.8,106.4,112.9,113.7
Rubber Crumb,1312020008,0.05232,NA,NA,NA,90.8,89.3,89.1,77.6,73,66.9,64.6,65.2,69.3,70.5,68.7,69,69.3,69.4,69.3,68,69.1,77.1,78.6,78.2,76.7
Plastic bottle,1312030008,0.06262,NA,NA,NA,103.2,106.3,107.5,107.3,106.1,102.9,102.1,99.8,99.7,100.9,101.2,104.3,105.3,103.7,103.6,104.1,105,108,109.5,115.3,115.3
Plastic box/container,1312030010,0.31065,NA,NA,NA,103.3,109.6,113.4,119.1,117.5,113.9,113.2,111.1,111.8,115.5,117.8,122.5,123.1,119.7,117.5,119.6,123.5,133.3,136,144.5,145.2
Tooth brush,1312030016,0.03926,NA,NA,NA,101.3,106.3,108.6,113.2,114.8,116.1,114.9,112.6,113,118.5,120.7,125.5,127.6,136.7,138.8,140.7,141.1,144.5,145.3,145.6,145.5
a. Manufacture of glass and glass products,1313010000,0.29504,NA,NA,NA,105.4,106.4,106.9,111,113,114.4,114.5,116.4,116.6,116.8,117.2,119.5,121.4,124.5,124.5,126,127.2,135.3,139.1,153.3,158.1
Porcelain sanitary ware,1313030001,0.12113,NA,NA,NA,108.3,111.8,113,121.1,120.4,104.6,102.5,97.6,94.3,92.5,94,97.7,98,101.2,102.8,107.9,109.3,113.9,119.3,135.7,135.3
Porcelain crockery,1313040001,0.02145,NA,NA,NA,108.8,114.9,116.9,123.3,125.9,131.6,132.4,134.7,135.9,139.3,140.4,142.8,142.7,143.5,144.3,146.2,147.5,160.5,167,183,187.1
Lime and calcium carbonate,1313050001,0.02789,NA,NA,NA,103,103.9,104.3,106.2,106.5,106.9,107.1,106.1,106.5,109.7,111.4,115.1,115.6,116.9,116.8,117.7,119.1,125.5,128.5,140.2,142
h. Manufacture of other non-metallic mineral products,1313080000,0.16911,NA,NA,NA,108.6,107.8,106.9,98.5,94.5,88.9,87.8,74.9,70.9,78.9,89.9,129.7,130.4,96,86.6,78.3,78.9,85.8,90.6,103.9,105.9
Ferromanganese,1314010003,0.02589,NA,NA,NA,107.3,108.7,110.7,115.3,114.3,99.9,95.2,98.9,104.4,119,121.5,123.7,124.1,120.1,117.7,114.5,116.3,144.4,153.7,147.1,141.3
Mild Steel (MS) Blooms,1314030001,0.64842,NA,NA,NA,104.9,99.1,99.3,100.8,98.7,85.4,81.2,75.6,76,83.9,88.3,99.6,99.8,92.6,91.8,94.9,99.4,120.4,126.2,135.5,135
MS Slabs,1314030002,0.58341,NA,NA,NA,110,109.4,108.8,109,108.8,107.4,107.2,106.7,105.5,99.3,98.3,98.3,98.3,98.3,98.3,98.5,99.3,106.7,109.3,115,115.7
d. Mild Steel -Long Products,1314040000,1.08063,NA,NA,NA,101.9,98.8,98.8,101.7,100.8,90.2,87,84.2,85.3,91.3,95.6,109,110.2,106.5,105.5,107.2,112,131.9,137.4,149.4,149.7
"Angles, Channels, Sections, steel (coated/not)",1314040004,0.01267,NA,NA,NA,109.6,105.9,106,104.7,102.3,90.2,85.8,79.1,79.2,89.3,96.4,116.5,117.9,108.9,106.1,105.4,110.9,135.9,143.4,160,160.3
GP/GC sheet,1314050003,0.1126,NA,NA,NA,102.1,101,101.4,103.1,102.2,93.4,89.8,88.1,91.1,103.3,108.5,123.6,124.1,115.5,113.6,112.7,120.2,164.7,172.1,165.4,160.7
Alloy steel Wire rods,1314060001,0.06671,NA,NA,NA,106.3,99.7,99.8,103.4,102.1,91.4,88.7,84.6,85.6,93.5,97.3,110.6,111.7,105.2,102.8,103.4,108.3,128,133.7,146.7,146.9
Alumnium Foil,1314090009,0.07863,NA,NA,NA,102.4,103.9,104.7,110.2,112.6,113.8,112.4,112,112.5,113.5,114.3,117.1,117.3,114.9,113.8,113.9,115.9,135.4,143.5,155.7,155.3
Aluminium shapes - bars/rods/flats,1314090010,0.21326,NA,NA,NA,105.7,106.7,107.1,112.4,114,111.1,109,107.4,108.4,112.1,113.8,119.9,119.6,114.1,112.8,111.4,113.9,135.9,145.4,156.4,154.8
Mild steel (MS) flats & sheets,1315010002,0.14193,NA,NA,NA,112.3,106.9,103.7,108.3,107.5,95.5,92.5,90.1,90.1,90.1,90.1,90.1,90.1,90.1,90.1,89.8,92.8,102.4,102.5,105.8,105
Boilers,1315030001,0.1225,NA,NA,NA,109.2,117.7,118.4,107.5,104.2,102.7,102.3,109.1,110.1,109.5,110.6,108.3,107,104.8,105.6,101.7,98.6,96,95,97.5,99.9
Stainless steel razor,1315050002,0.11854,NA,NA,NA,95.7,94.3,95.3,95.9,96.7,99.8,100.9,107.4,108.6,97,90.9,83.1,82.5,81.4,81.4,82.2,82.7,82.8,82.6,81.8,81.5
"Copper bolts, screws, nuts",1315050004,0.00012,NA,NA,NA,103,103,103.3,107,108.4,108.4,108.4,109,108.7,109.5,109.6,110.4,110.9,111.2,111.2,112,112.8,119.3,121.6,127.7,129.3
Hand tools,1315060002,0.27659,NA,NA,NA,97.8,99.5,100.3,104.7,105.8,107.7,108.3,109.1,109.8,117.6,122.4,135.3,138.1,142.2,142.1,140.7,141.5,147.4,149.2,152.2,152.9
Aluminium utensils,1315060004,0.02264,NA,NA,NA,99.4,99.6,103,116.3,119.6,122.1,120.2,119.3,119.6,118.5,117.2,116.6,117.1,116.8,116.4,117.1,118.8,127.9,130.9,135,134.7
a. Manufacture of electronic components,1316010000,0.40241,NA,NA,NA,104.5,106.6,107.2,106.4,105.9,105.4,105.1,106.6,106.7,104.6,103.7,101.8,100.9,98.4,98.1,98.4,99.1,103.3,106,114.2,115
b. Manufacture of computers and peripheral equipment,1316020000,0.33637,NA,NA,NA,95.7,97.6,98.3,114.1,121.3,127.4,127.5,127.4,127.3,127.4,127.4,130.6,132.5,135,135,134.9,134.8,134.7,134.7,134.9,135
Personal Computer (P.C.),1316020001,0.10995,NA,NA,NA,100.9,100.1,100.1,110.7,114.4,115.6,115.6,115.6,115.6,115.6,115.6,115.6,115.6,115.6,115.6,115.6,115.6,115.6,115.6,115.6,115.6
Telephone sets including mobile hand sets,1316030001,0.30578,NA,NA,NA,102.8,106.2,106.9,106.4,107.3,105.8,105.2,104.8,104.2,108.3,110.9,116.4,117,117.6,117.4,115.3,115.3,118.9,122.3,129.7,130.1
Meter (non-electrical),1316050001,0.18056,NA,NA,NA,102.7,102.8,101.6,102.2,102.2,101.1,101.1,101.7,103.1,106.8,106.9,109.1,109.1,110.7,111.5,108.6,107.7,107.3,108.4,112.5,112.8
X-ray equipment,1316070002,0.00698,NA,NA,NA,105.6,111.5,114.2,119.2,119.8,120.3,120.3,120.2,120.2,119.1,117.3,114,114.2,113.4,113.4,112.6,112.8,127.2,131.1,133.1,133.9
Microscope,1316080001,0.0045,NA,NA,NA,100,104.1,105.4,104.9,104.7,101.1,97.9,91.7,91.7,102.1,107.5,110.1,108.1,107.5,108.8,111.9,112.7,116.5,118.2,120.9,120.9
Transformer,1317010004,0.55072,NA,NA,NA,103.6,98.3,100.2,109.8,110.6,106.2,104.5,101.7,101.4,99.6,99,99.4,100.9,103.1,103,106.8,109.7,116.4,115.9,115.9,117.5
Electric & other meters,1317010006,0.04345,NA,NA,NA,100.8,101,100.9,102.2,102.1,99.3,98.4,95.1,94.1,94.9,95.2,95.1,95.3,95.9,96.2,96.7,96.9,99.5,101.3,105.1,105.6
Amplifier,1317010009,0.0011,NA,NA,NA,105.7,107.3,107.9,108.8,109.1,113.2,116,120.8,121.5,117,114.2,113.7,115,116.2,116.3,117.3,118.6,129.9,132.9,133.7,134.7
Electric accumulators,1317020003,0.00207,NA,NA,NA,118.3,120.7,114.5,111.3,111.8,110.5,112,118.4,120.1,127.6,128.9,129.9,128.5,121.6,121.8,123,120.7,129.8,135.1,137.4,137.3
PVC Insulated Cable,1317040001,0.08292,NA,NA,NA,98.7,100.8,102.8,106.5,107.3,106.3,104.4,101.8,102.4,106.9,108.9,112.6,113.2,111.7,110.5,111.7,115.7,137.6,144.9,156.8,157.2
Copper wire,1317040007,0.07782,NA,NA,NA,104.7,105.7,107.8,109.7,106.1,96.9,93.8,89.2,91.2,97.9,100.9,108.4,108.9,108.6,108.2,111.5,118.1,148.5,156.5,161.4,161.2
Connector/plug/socket/holder-electric,1317040010,0.04832,NA,NA,NA,106.7,106.4,107,111.5,112,109.5,109.1,111,111.3,115.1,116.2,120.4,122.2,123.2,122.6,123,124.1,129.2,131.6,135.4,136.2
Domestic gas stove,1317060006,0.00949,NA,NA,NA,106.7,109.9,114.4,123.3,122.8,120.1,119.2,115.3,115.2,113.2,111.6,111.8,112.6,116.3,118.1,121.6,122.8,126.1,126.5,130.5,130.8
g. Manufacture of other electrical equipment,1317070000,0.20589,NA,NA,NA,101.7,103,104,106.7,107.6,107.7,107,105.1,104.4,106.1,107.2,108.1,108.6,108.9,108.6,109.2,109.5,112.2,113.2,116,117.4
Insulator,1317070003,0.11159,NA,NA,NA,101.9,104.9,106.8,111.5,113.1,115,114.9,112.7,111.5,113.4,113.8,112.6,113,112.4,112.1,114.2,114.7,118.1,119.3,120.6,121.8
(R). MANUFACTURE OF MACHINERY AND EQUIPMENT,1318000000,4.78899,NA,NA,NA,103.6,105.3,105.8,107.7,108.3,109.4,109.2,107.9,107.9,108.5,108.9,110.8,111.3,112.8,113.1,113.4,114,118.4,120,124.9,126.2
Water pump,1318020004,0.0769,NA,NA,NA,110.5,109.4,110.1,114,116.2,118.1,117.4,115.9,115.9,117.1,117.4,119.5,120.4,121.8,122.1,119.7,119.2,121.3,122.7,128.5,130.9
Gasket kit,1318030005,0.04124,NA,NA,NA,105.1,107.3,107.7,107.7,107,104.7,103.8,101.1,101.6,103.4,103.3,102.5,102,97.8,97.8,102,103.1,108.5,109.6,111.3,112
Hydraulic equipment,1318060003,0.16803,NA,NA,NA,102.3,103.1,104.7,107,107.3,108.8,108.7,107.6,107.9,109.3,110.3,113.7,113.8,112.1,111.5,112.5,113.8,117.7,119.1,122.2,123
Conveyors - non-roller type,1318080005,0.00093,NA,NA,NA,99.3,94.8,95.4,91.1,89.6,91.3,91.4,92.2,93.4,92.7,90.5,82.9,82.6,82.3,81.4,80.9,80.5,83.1,85.2,93,94.6
Deep freezers,1318080007,0.01599,NA,NA,NA,104.2,98.7,96.7,97.5,97.9,98.9,99,99,99,96.9,95.8,95.7,95.9,96.2,96,95.3,95.6,98.2,99.4,102.4,104
Threshers,1318090004,0.00071,NA,NA,NA,109.5,112.2,112,112.8,113.8,117.6,119.3,122,122.4,122.2,122,123,123.5,126.1,127.4,130.3,131.4,136,138,142.8,144.2
Excavator,1318110001,0.06463,NA,NA,NA,112.9,113.5,114.4,116,116.7,117.5,116.5,116.3,116.7,112.7,110,107.1,107.4,108.1,108.1,109.7,111.2,117.7,120.2,124.9,124.8
"Mining, quarrying & metallurgical machinery/parts",1318110005,0.02454,NA,NA,NA,107.7,108.6,106.2,98.8,98.9,99.8,100.2,101.1,100.6,99.4,100,102.1,102.4,103,103.4,104.6,105.3,108.1,109.2,113.3,115.2
Concrete vibrator & mixture,1318110007,0.01692,NA,NA,NA,101.8,102.1,102.4,103,102.7,103.7,104.1,103.8,103.8,104,103.7,103,102.9,102.9,103.1,104.2,104.5,107.5,109.3,116.5,118.4
Earth moving machinery,1318110008,0.18095,NA,NA,NA,102,89.3,81.2,67.6,68.9,70.6,67.7,52.7,48.3,46.7,46.7,46.7,46.7,46.5,46.7,47.1,47.2,47.7,47.9,53.7,56.1
"l. Manufacture of machinery for food, beverage and tobacco processing",1318120000,0.22793,NA,NA,NA,101.1,104.4,107.1,114.3,114.7,119.5,119.9,115.7,116.9,121.2,121.1,123.8,124.7,124.4,125.2,127.4,128,130.1,130.1,129.2,127.7
Open end spinning machinery,1318130001,0.13728,NA,NA,NA,101.5,106.3,107.8,112.1,113.3,111.5,110.2,115.6,118,119,120.3,122.8,122.2,121.3,121,122,123.1,123.6,124.4,128.4,129.6
Chemical equipment & system,1318140003,0.00731,NA,NA,NA,104.9,102.1,101.2,108.9,115.1,131.3,134.6,139.1,139.8,139.2,139.2,142.1,142.9,143.3,142.7,141.9,144.1,146,144.1,133.1,130
Evaporator,1318140006,0.08073,NA,NA,NA,98.1,101.6,102.8,108.8,111,112.4,113.1,114.1,114.1,118.2,119.9,121,121,120.5,120.3,121.2,122.1,127.1,128.6,132.1,133.4
Solar power system (solar panel & attachable equipment),1318150001,0.02582,NA,NA,NA,76.6,66.5,63.3,60,59.7,59.3,58.6,57.5,56.6,52.5,50.8,46.1,45.3,44.3,43.6,41.8,42.2,44.3,44.8,47.6,48.2
Shock absorbers,1319020003,0.10028,NA,NA,NA,102.1,99.9,99.7,101.9,102.5,100.3,100.1,100.9,101,101.9,101.9,102.7,103.3,104,103.4,99.9,99.3,101.9,104.1,108.7,109.1
"Brake pad/brake liner/brake block/Brake rubber, others",1319020010,0.10145,NA,NA,NA,96.1,97.5,97.8,98.6,99.5,104.4,108.2,110.8,108.1,107.3,108.4,113.1,115.2,119.3,120.2,119.2,118.7,125,127.8,137.2,138.4
Release valve,1319020016,0.00101,NA,NA,NA,116.8,122.4,124.5,126.2,124.2,114,110,107.1,108.6,113,114,119,120.5,120.8,120.4,119.6,120.5,128.3,130.6,135.7,135.3
Ignition device,1319020019,0.01704,NA,NA,NA,104.4,116.9,122,126.8,127.2,127.1,129.6,145.9,150,154.1,154.7,157.3,158,158.8,158.8,158.8,158.8,163.2,165.9,172.1,173.1
a. Building of ships and floating structures,1320010000,0.11734,NA,NA,NA,105.3,130.7,140,158.6,158.6,158.6,158.6,158.7,158.7,158.8,158.8,158.8,158.8,158.8,158.8,158.8,158.8,158.9,158.9,161.3,162.5
Motor cycles,1320030001,1.1661,NA,NA,NA,100.7,99.4,98.8,101,101.6,100.9,101.4,102.3,103.2,105.2,105.6,106.6,106.9,112.9,115.1,123.4,126.3,131.1,132.6,137.4,139.2
a. Manufacture of furniture,1321010000,0.72672,NA,NA,NA,105.4,109.8,111.5,116.5,116.5,113.1,112.7,113.6,114.1,118.6,120.3,125.5,127.3,130.3,130.9,131.4,133.2,146.2,150.1,156.3,157.2
Plastic fixtures,1321010002,0.09781,NA,NA,NA,110.9,116.2,118.6,122.4,120.6,117.4,115.5,110.7,111.4,109.8,109.3,110.6,111.8,114.4,114.2,115.8,117.4,124.5,126.8,127.9,126.9
Steel shutter gate,1321010003,0.0684,NA,NA,NA,107.5,114.1,116.4,121.3,122,122.6,122.7,126.3,128,135.3,138.9,155.7,161.3,169.2,170.6,175.4,181.6,211.9,220.2,237.9,240.1
Foam and rubber mattress,1321010006,0.10674,NA,NA,NA,109.4,117.5,119.8,128.2,131.7,136.4,138.5,135.8,137.1,154.6,153.6,154.4,158.8,168.1,172.7,170.3,171.5,198.9,205.7,220.6,225.4
Silver,1322010002,0.03077,NA,NA,NA,103.8,90.1,85,76.6,71.9,65.1,65.8,73.6,76.2,73.2,71.7,70.3,70.4,75.4,78.2,89.5,98.9,120,119.5,112.4,113.6
Cricket ball,1322030002,0.00023,NA,NA,NA,108.9,116.6,119.1,130.3,133.5,152.4,158.2,158.8,160.3,161.9,161.8,163.7,163.8,165.8,167.5,173.2,178.3,197.9,202.2,209.2,210.9
(A).  FOOD ARTICLES,1101000000,15.25585,NA,NA,NA,110.9,122.3,124.5,129.8,131.5,133.7,134.9,139.7,140.3,142.8,143.2,142.3,143.7,152.9,155.8,160.4,160.7,163.8,167.3,177.8,179.5
a1. CEREALS,1101010100,2.82378,NA,NA,NA,114.1,124.3,126.6,130,129.9,129.9,131.3,139.9,142.7,143.6,143.1,147.8,151,160.3,162.3,160.6,158.1,158.2,160.7,173.6,178.9
Wheat,1101010102,1.02823,NA,NA,NA,115.3,123.4,124.9,124.1,123.4,126.4,128.4,138.7,142.1,140.5,138.7,145.6,149.4,156.6,159.2,157,152.9,155.7,160.1,177.8,184.9
Maize,1101010105,0.18927,NA,NA,NA,116,123.8,123.1,118.5,118.5,121.7,125.5,137,137,129.2,124.7,123.3,133.2,172.6,175.4,151.3,143.3,145.4,152.1,179.8,187.2
Okra (Lady finger),1101020110,0.14592,NA,NA,NA,101.4,103.5,109.7,101,95.8,92.9,91.3,89,90,117.2,126.9,121.6,125.1,131.7,135.7,137.5,142,164.4,177.4,159.3,160.3
b2. FRUITS,1101020200,1.6006,NA,NA,NA,104.9,110.7,113.3,128,131.5,132.3,131.6,138.2,139.5,143.5,146.5,146,144,148.6,148.6,147.4,150.7,163.5,167.7,181.4,183.8
Coconut (Fresh),1101020206,0.07873,NA,NA,NA,99,113.9,120,158.2,169,181.8,178.4,150.4,148.6,186.3,203.7,220.9,217.9,208.9,209.4,219.3,224.5,268.3,280.4,254.6,244.8
Grapes,1101020208,0.04932,NA,NA,NA,96.6,100.8,102.5,109.5,117.8,122.6,123.3,116.8,112.5,115.7,117.2,117.6,116.9,132.6,144.2,133.7,133.7,156.4,161.3,173.3,188.4
Lemon,1101020212,0.06575,NA,NA,NA,119.7,106.3,110.9,138.1,141,127.3,130.7,143.4,127.8,97.1,102.4,128.9,134.3,150.4,138,88.1,103.1,122.1,115,143.6,149.8
Sapota,1101020213,0.02814,NA,NA,NA,115,112.4,111.9,116.6,115,105.8,103.8,108.3,107,110.2,115.8,146.1,149,157.9,162.9,145.5,147.7,163.7,164.5,208.1,216
Jackfruit,1101020217,0.02458,NA,NA,NA,141.8,136.1,123.7,124.8,131.2,128.9,112.7,158.4,181.5,199.1,207.5,156.1,129.6,112.4,112.9,144.5,149.8,128.2,126,132.2,131.6
Almonds,1101020219,0.02469,NA,NA,NA,101.2,114.7,119.5,133.4,140.2,156.4,157.7,165,169.6,178.7,181.5,189,190.4,194.5,195.6,202.3,204.3,215.5,224.3,232.8,229.3
Poultry Chicken,1101040006,0.55906,NA,NA,NA,118.1,129.7,131,136.5,133.7,127,129.1,136.4,139,141.5,138.2,130.6,134.6,147.6,148.8,149.8,149.8,159.5,162.6,162.1,158.8
Chillies (Dry),1101050002,0.14056,NA,NA,NA,83.6,90.9,94.4,105.7,109,123.8,130.4,140.6,135.7,111.1,111.6,128.4,126.7,131.4,143.2,158.8,157.9,158.8,166.3,221,233.4
Turmeric,1101050003,0.10015,NA,NA,NA,79.8,99.5,103,105.7,109.3,119.9,121.5,120.5,117.3,116.6,119.7,121.8,118.7,114.2,114,113.6,115.5,122.1,124,119,116.1
Tamarind,1101050010,0.00964,NA,NA,NA,75.3,88.2,92.5,100.5,105.1,104.7,100.7,120.7,125.6,136.6,154.9,186.6,181.5,160.6,161.2,170,170.5,153.8,145.4,139.8,135
Tea,1101060001,0.12359,NA,NA,NA,132.3,135.4,130.8,120,117.6,116.2,120.9,137.8,140.1,133.5,130.5,138,140.9,139.5,134.1,172.7,188.2,169.4,162,164,167.6
Sugarcane,1101060004,0.58142,NA,NA,NA,103.7,108.5,113.4,124.3,124.3,143.8,152.7,161.4,163.4,167.9,168.4,169.5,169.5,169.5,169.5,179.5,185.6,196.3,197.8,202.4,205
Mesta,1102010003,0.00225,NA,NA,NA,105.8,117.1,119.1,122.4,124.8,138.8,149.2,163.4,152.2,127,124,120.8,124.8,132.9,134.3,137.3,148.9,183.9,185.2,203.4,203.6
Raw Silk,1102010005,0.07735,NA,NA,NA,122.8,148.2,154.5,146.2,139.4,114.5,112.1,125,135,170.9,180.6,169.6,156.4,149,155.7,138.2,132.6,165.1,195.4,242.5,233.2
Rape & Mustard Seed,1102020002,0.24914,NA,NA,NA,131.1,121.9,119.1,120.7,122.7,142.6,145.9,149,149.4,135.4,134.1,140.8,142.2,143.1,145.1,157.2,163.7,200.9,210.5,206,198.8
Sunflower,1102020010,0.01659,NA,NA,NA,112,114.7,114.3,109.7,108.7,112,114.5,114,111.5,101.6,99.8,107.2,112.7,121.7,121.1,119.9,129.6,168.1,174.5,181.6,175.6
c.  OTHER NON-FOOD ARTICLES,1102030000,1.96043,NA,NA,NA,112,117.1,114.3,109.3,109.2,111.9,113.1,114.5,114.9,113,110.9,108.5,107.3,104,104.8,106.7,109,117.5,119.9,128.3,131.2
Hides (Raw),1102030001,0.03062,NA,NA,NA,103.1,107,108.2,108.5,108.5,108.5,108.5,103.7,100.6,96.1,99.8,112.2,112.2,112.6,112.7,110.1,108.4,101.8,101.6,103.6,102.8
Industrial wood,1102030007,0.88561,NA,NA,NA,111,116.8,110,99,99.9,105.4,106.5,106.5,106.5,106.5,106.5,110.5,107.7,93.1,92.5,93.2,93.8,97.2,97.6,98.1,98.7
Rose,1102040001,0.14264,NA,NA,NA,115.1,135.5,142.4,148,147.5,149.7,153.8,142.6,137.4,146.2,148.7,160.7,171.9,229.2,237.1,214.5,196.8,182.9,204.9,244.5,252.6
Iron Ore,1103010005,0.20862,NA,NA,NA,103.9,90.2,89.2,94.4,92.7,64.3,55.3,48.5,51,67.3,74.2,90.6,90.1,88.5,90,92.1,102,155.5,156.2,120.2,115.2
a.) Non-Coking Coal G1 to G6 [GCV exceeding 5500 Kcal/kg.],1201020001,0.4999,NA,NA,NA,105.6,103.7,103,103,103,103,103,94.6,91,88.5,88.2,87.6,87.6,87.6,87.6,87.6,87.7,87.8,87.8,87.8,87.8
c. Lignite,1201030000,0.09013,NA,NA,NA,98.9,98.9,99.2,99.2,99.2,96.4,94.7,90.5,90.2,98.6,104.2,118.6,120.3,126.4,129.1,131.1,130.9,149.9,170.5,246.7,271.1
Kerosene,1202000003,0.18685,NA,NA,NA,107.1,108.4,109.3,108.4,103.5,91.3,88.4,87.7,94.3,112,117.8,145.8,152.4,167,172.8,122.8,116.8,193.7,221.9,378.7,402.6
ATF,1202000004,0.31991,NA,NA,NA,112.6,116.8,119.7,116.9,105.1,75.5,69.5,63.5,69.3,75.7,78.7,102.1,102.8,97,97.2,65.2,62.5,98.8,112.4,179.9,188.5
HSD,1202000005,3.09548,NA,NA,NA,111.6,122.3,126.3,126.7,114.8,81,73.4,66.8,74.4,83,84.4,96.1,97.1,94.4,93.7,79.4,80.2,114.7,128.2,183.5,191.4
"Chicken/duck, dressed - fresh/frozen",1301010004,0.0109,NA,NA,NA,108.8,122.8,125,125.5,126.2,128.6,130.2,132.2,133.7,136.2,134.8,131,130.6,135.8,136.5,138.3,143.7,161.3,165.1,164.3,158.8
Vanaspati,1301040001,0.37937,NA,NA,NA,103.4,100,101.7,104.6,103.3,98,97.1,103.2,107,110,111.1,119.3,119.8,123,126.3,135.6,141.5,165,170.8,173,167.8
Soyabean Oil,1301040003,0.34251,NA,NA,NA,110.9,108.2,107.2,103.9,102.7,98.8,98.5,102.9,104.5,104.9,106.1,112,112.3,112.5,114.4,123.9,132.7,173.4,179.8,183.6,178.7
Castor Oil,1301040006,0.02955,NA,NA,NA,92.9,94.8,97.2,104.1,103.4,99.9,97.4,93.7,95.9,105.1,106.8,109.4,112.7,119.6,116.3,108.1,111,132,139.9,163,165.6
e. Manufacture of dairy products,1301050000,1.16545,NA,NA,NA,103.3,108.6,112.7,122.9,123.7,123.3,123.6,128.6,132.3,141.7,142.1,137.5,136.2,140.7,145,148,146.9,148.1,149.4,161.6,167
Maida,1301060001,0.19044,NA,NA,NA,116.4,129,131.5,132.1,131.4,129.1,129.4,140.4,143.6,139.3,136.8,144.2,149.3,156.2,157.1,149.4,144.7,144.9,148.8,174.4,183.3
"Rice, Non-basmati",1301060007,0.94347,NA,NA,NA,112,125.5,127.5,130.6,131.2,128.7,129.2,139.5,143.5,149.6,151,150.6,150.2,153.6,154.6,155.2,154.4,152.1,152.6,161.2,165.9
Basmati rice,1301060008,0.4264,NA,NA,NA,105.5,116.2,119.9,122.5,120.9,106.3,102.6,96.5,96,98.1,99,108.4,111.9,115.8,114.7,111.5,111.8,115.6,117.5,126,131.1
"Biscuit, cookies",1301080001,0.15875,NA,NA,NA,106.5,111.7,112.7,116.4,118,120.4,121.3,123.4,123.8,124.7,124.6,123.6,123.7,124.3,124.9,127.6,128.1,132.8,135.7,148.9,152.7
Sugar,1301090001,1.05553,NA,NA,NA,111.7,109.4,107,106.7,105.6,93.9,95.2,116.3,122.6,129.6,126.8,114.3,113.2,116.6,117.6,117.7,117.3,119.8,121.6,124.3,124.8
m. Manufacture of Processed condiments & salt,1301130000,0.16302,NA,NA,NA,96.8,104.6,106.6,112.4,114.6,119.8,121.6,125.6,124.5,117.9,118.2,121.3,122.2,129,132.4,144.3,147,153.8,157.5,172.4,176.5
Cotton seed oil cake,1301160004,0.06115,NA,NA,NA,114.8,124.4,127.2,129.1,129,139.5,148.5,167.8,168.7,151.2,145.8,147.3,150.8,170.3,169.6,156.3,160.8,190.9,200.4,200.9,197.5
Beer,1302020001,0.16276,NA,NA,NA,101.1,104.2,106.7,110.1,110.3,112.2,113.1,116.3,117.5,121.1,122.4,124.7,125.1,127.9,128.7,129.1,128.6,130,131.5,134.9,134.9
(C). MANUFACTURE OF TOBACCO PRODUCTS,1303000000,0.51357,NA,NA,NA,108.4,113,114.4,120.3,123.3,131.5,133,139.6,141.6,146.1,148.4,150.1,150.4,153.1,153.4,156.2,157.2,159.5,160.2,163.7,165.3
(D). MANUFACTURE OF TEXTILES,1304000000,4.88068,NA,NA,NA,104,109.8,111.8,113.7,112.7,109.4,109.1,110.3,111.2,113,113.4,116.7,117.9,118.3,117.7,115.5,117.6,130.9,135.2,144,142.7
Cotton Yarn,1304010001,1.34192,NA,NA,NA,104.8,113.7,116.8,117.5,114.8,107.7,106.7,108.4,110.2,113.2,113.3,115.5,116.8,116.1,114.6,111,114.2,133.2,140.3,154,149.4
Viscose yarn,1304010003,0.09019,NA,NA,NA,107.2,107.8,108.2,108.1,106.6,102.8,102.8,105.6,107.1,109.2,109.6,112.6,113.7,114.4,113.9,109.9,110.1,119,123.9,131.1,127.5
"Fabric, polyethylene",1304020005,0.05304,NA,NA,NA,110.8,117,120.2,124,121.7,117.4,115.8,112.4,113.1,115.1,116.9,122.6,122.6,118.8,117.2,114.9,117.4,128,129.8,127.4,125
c. Manufacture of knitted and crocheted fabrics,1304030000,0.19296,NA,NA,NA,105.9,111.5,112.8,113.4,112.3,107,105.8,106.3,107.1,108.3,108.6,112.3,112.9,114,114.5,114.4,115.2,122.4,125.5,131.5,129.9
Bed linen/Bed Spread,1304040001,0.05655,NA,NA,NA,104.4,107.1,107.4,108.6,109.5,112.8,113.9,116.6,117.3,119.8,120.5,122.9,124.6,130.4,132.2,136.9,138.3,141.9,143,149.8,152
"e. Manufacture of cordage, rope, twine and netting",1304050000,0.09776,NA,NA,NA,108.3,115.3,118.3,126.6,129.5,139.2,141.7,143,143,143.3,141.7,138.8,138.7,140.8,143.1,151.2,155.6,168.2,168.5,161.3,156.8
Nylon rope,1304050001,0.00911,NA,NA,NA,106,111.8,113,114.8,114.5,112.4,110.7,104.3,104.2,106,106.3,108.3,108.9,109,109.1,108.8,109.1,112.9,113.8,115.7,115.1
f. Manufacture of other textiles,1304060000,0.20089,NA,NA,NA,102.3,107.6,110,112.4,112.3,112,112.3,111.7,112.9,116.9,117.5,118.6,118.3,117.1,116.8,116.3,116.3,122.8,126.2,132.6,132.2
Tyre cord fabric,1304060001,0.07297,NA,NA,NA,99.7,101.8,103.4,103.3,101.2,94.1,90.8,82.8,83.5,86,87.1,94.7,95.1,90.8,88.6,82.8,83.8,97.8,101.9,104.7,103
Carpets and other floor coverings of textiles,1304060002,0.12792,NA,NA,NA,103.8,110.9,113.8,117.6,118.6,122.3,124.5,128.2,129.6,134.5,134.9,132.3,131.5,132.2,133,135.4,135,137.2,140.1,148.5,148.9
"a. Manufacture of wearing apparel (woven), except fur apparel",1305010000,0.59324,NA,NA,NA,115.3,117.9,119.9,124.9,125.5,131.2,133.3,133.1,133.9,137.1,137.8,139.3,139.4,139.2,139.2,138.1,138.1,140.9,142,146.2,147.3
"Shawls and scarves, knitted",1305020002,0.06085,NA,NA,NA,110.9,113.4,116.3,123.4,124.8,126.9,128.2,130.5,132.5,148.4,153.9,157.9,156.5,153.6,152.6,161.2,167.1,175.5,176.9,182.4,184
Chrome Tanned Leather,1306010002,0.14213,NA,NA,NA,112.9,118.2,121.5,129.8,130.6,127.7,126.3,121.4,120,113.2,110.9,111.8,111,106.2,105.5,102.6,101.1,101.2,103.4,106,105.6
"Travel goods, handbags, office bags, etc.",1306020001,0.03798,NA,NA,NA,110.6,116.7,119.1,127.9,127.1,126.5,129,131,131.2,132.2,132.6,136.4,137.3,139.1,140.4,143,143.9,147.8,149.5,148.4,147
Plastic/PVC Chappals,1306030004,0.06382,NA,NA,NA,105.8,105.5,105.7,110.7,112.3,113.8,114.1,114.8,114.7,115.7,116.1,116.1,116.2,117.1,117.5,120,122.4,134.5,137.7,138.6,137.4
"Wood cutting, processed/sized",1307010002,0.05037,NA,NA,NA,108.2,113.6,115.4,120.3,121.5,122.6,123.3,128.3,129.8,129.4,129.9,133.8,134,131.3,130.1,126.5,126.1,128.6,129.7,133.9,135.5
Plywood block boards,1307020001,0.19458,NA,NA,NA,106.3,110.2,111.7,116.6,118,123.1,122.9,119.2,119.5,121.5,121.4,120.4,121,123.4,123.6,124.6,125.7,129.2,130.4,136,137.4
d. Manufacture of wooden containers,1307040000,0.11876,NA,NA,NA,115.8,127.8,131.8,140.2,139.3,137.7,138.7,140.5,140.3,137.5,134.5,125,124.1,126.4,125.7,124.2,125.7,132.3,134.1,136.2,136.7
Paper for printing & writing,1308010002,0.19261,NA,NA,NA,102.7,109.6,112.4,117.3,117.3,116.8,116.8,117.8,119.3,122.4,123.2,130.5,133.8,136,134.1,127.7,126.8,131.8,135,158.5,165.5
Hard board,1308010010,0.00062,NA,NA,NA,102.7,106.7,107.2,109.6,110.3,115.2,120.1,130.8,129.7,128.1,130.6,136.6,136.6,136.5,136.6,131.9,131.1,141.9,146.2,156.1,157.9
Corrugated sheet box,1308020001,0.19469,NA,NA,NA,110.8,113.7,114.1,114.9,114.2,110.2,109.7,109.7,109.5,109.4,108.9,107.2,107,104.1,104,109.9,114.2,126.9,130.2,141.3,141.3
c. Manufacture of other articles of paper and paperboard,1308030000,0.30604,NA,NA,NA,99.9,104.7,106.9,111.2,110.3,107.6,107.4,105.6,105.9,113.2,116.2,120.1,120.6,121.5,121.2,117.7,117.4,125.5,131,146.5,145.6
(I). PRINTING AND REPRODUCTION OF RECORDED MEDIA ,1309000000,0.67622,NA,NA,NA,110.5,116.9,118.7,123.7,126.2,134.3,136.1,139.8,141.1,143.4,143.7,146.2,146.6,148.9,150.6,153.3,153.8,156,157.8,167.9,172.5
Printed form & schedule,1309010004,0.01659,NA,NA,NA,106.6,121.2,125,121.3,120.1,129.8,133.8,131,127.8,124.1,125.7,125.8,126.3,137.5,141.8,146.7,146.9,150.1,152.5,160.8,161.5
Acetic acid and Its Derivatives,1310010004,0.02452,NA,NA,NA,100.7,102.2,107.2,121,118.8,108.5,102.7,88.8,89.7,102.8,113.7,139.3,133.7,110.1,107.3,103.3,117.2,187.1,188.2,149.9,140.6
Aromatic chemicals,1310010005,0.03278,NA,NA,NA,104.4,106.6,108.8,113,112.4,108.2,106.3,101.7,101.6,102.4,103.1,114.2,118.7,120.3,118,115.3,117,123.4,126.1,138.5,139.8
Amine,1310010016,0.05566,NA,NA,NA,116.5,123.9,128.1,130.2,127,121.3,118.9,112.9,111.5,111.5,115.9,129,132.2,136.2,135,133.5,136.3,155.2,163,183.2,183.2
Phosphoric acid,1310010020,0.02073,NA,NA,NA,106.2,100.5,99.7,103.5,105.1,110.1,110.7,100,96.1,90.4,89.1,91.3,92.2,91.9,91.7,90.4,89.8,97.3,103,117.4,118.7
Alcohols,1310010022,0.12767,NA,NA,NA,100,107.3,111.5,120.3,119,111.8,110.7,109.9,110.6,113.8,115.6,124.3,126.3,124.7,123.9,129.7,135.1,153.8,157.4,163,162.1
Di ammonium phosphate,1310020002,0.07425,NA,NA,NA,133.7,134.3,132.4,133.8,135.1,137.1,136.4,130.2,127.3,123.7,125.2,136.8,141.2,141.6,138.2,134.5,136,142.2,145.3,161.2,164
"Nitrogenous fertilizer, others",1310020004,0.00427,NA,NA,NA,116.4,125.5,127.9,129,129.7,133.7,134.5,133.4,132.1,129.2,130.1,136.9,138.5,139.2,139.1,138.6,138.8,143.2,146.1,158.1,160.5
"Superphospate/Phosphatic fertilizer, others",1310020009,0.08472,NA,NA,NA,139.1,144.9,145.2,144.4,143,143.6,143.7,143.9,144.3,141.8,141.6,146.5,149.2,153.1,152.4,152.3,153,150.3,148.8,169,178.3
Oleoresin,1310030005,0.07154,NA,NA,NA,95.8,90.2,88.3,92.7,93,93.8,98.5,113,113.1,97.8,93.9,88.8,88.2,92.9,96,103.6,106.8,124.9,129.8,130.9,129.7
d. Manufacture of pesticides and other agrochemical products,1310040000,0.45369,NA,NA,NA,107.5,109.7,111.1,118.5,120.7,122.7,122.6,117.7,116.8,115.7,115.3,118.4,120.2,122.9,122.6,123.5,124.4,128.6,132.1,143,143.4
"e. Manufacture of paints, varnishes and similar coatings, printing ink and mastics",1310050000,0.49145,NA,NA,NA,105.5,108.4,109.7,111.9,111.9,110.3,109.8,108.4,108.5,109,108.6,111.2,112.7,114.8,114.7,113.7,114.9,125.4,130.4,143,145
"f. Manufacture of soap and detergents, cleaning and polishing preparations, perfumes and toilet preparations",1310060000,0.61219,NA,NA,NA,106.8,110.6,111.5,112.1,112.4,112.1,112.3,113.3,113.7,115,115.2,115.8,116.8,118.9,118.6,119.5,120.6,126.3,128.1,137.9,140.8
Agarbatti,1310060005,0.02364,NA,NA,NA,102.4,106.8,108.2,109.2,109.5,111.1,112.8,117.2,117.3,116.4,116.1,115.6,115.6,116.2,116.8,119.8,120.8,121.4,121.1,121,121.2
Perfume/scent,1310060006,0.10008,NA,NA,NA,101.9,104.6,105.7,107.8,108.5,109.4,111.5,118.1,119.1,118.1,117.9,118.2,118.4,119.3,118.2,113.2,112.7,113.8,115.4,123.7,125.5
Creams & Lotions for External Application,1310060007,0.02734,NA,NA,NA,102.9,104.2,102.9,100.1,100.7,97.5,95.4,92.8,92.8,90.2,90.9,93.8,93.2,94.6,95.1,98.8,100.2,99.3,99.7,103,103.4
Adhesive excluding gum,1310070004,0.12705,NA,NA,NA,106.1,109.7,110.3,110.9,110.6,106.1,104.3,100.6,100.7,102.8,103.5,105.9,106.6,106.1,105.5,104.4,104.6,112.8,117.2,128.2,129.4
Gelatine,1310070006,0.02008,NA,NA,NA,118.3,129.2,133,142.8,144.2,141.3,139.5,134.3,133.3,129.8,127.8,127,128,131.1,133.5,143,146.2,158.8,159.1,154.9,157.5
"Antipyretic, analgesic, anti-inflammatory formulations",1311010003,0.00358,NA,NA,NA,102.5,109.1,112.7,118.6,117.1,107.7,104,94.4,94.2,102.2,107.1,130.8,136.8,131.6,126.5,129.5,135.9,187.4,207.9,227.3,221.9
Vaccine for hepatitis B,1311010008,0.00037,NA,NA,NA,114,118.7,120.1,124.2,124.9,128.4,131.4,146.3,150.9,161.1,162.8,167,169.2,171.7,172,172.5,172.6,175.2,181.4,215.3,222.8
Vaccine for polio,1311010012,0.01289,NA,NA,NA,104.7,106.9,109.2,119.3,121.3,121.4,124,137.9,140.5,140.3,137.2,129.4,128.6,128.7,128.7,131.5,132.6,134,136.3,142.7,143.8
Antibiotics & preparations thereof,1311010013,0.23061,NA,NA,NA,105.8,105.4,106.7,112.4,114,113.6,112.6,111,110.8,112,112.9,117.4,118.6,118.6,119.3,123.5,125,130.5,133,137.5,138.4
Plastic capsules,1311010019,0.07553,NA,NA,NA,104.7,115.1,118.3,120.6,120.6,125.8,127.8,126.2,125.7,132.7,136.7,143.5,144.4,144.4,144,148.9,151.1,157.3,160.2,164.8,164.3
Medical accessories,1311010023,0.39104,NA,NA,NA,102.2,105,106,117.5,122.6,126,125,124.5,125.4,127.7,128.6,130.1,130.6,132.5,133.1,135.8,136.9,139.5,139.5,140.5,141.4
Rubber cloth/sheet,1312010008,0.01224,NA,NA,NA,123.1,123.5,123.5,130.7,133.7,133.3,130.7,128.9,129.5,134.2,135.5,132.9,133.5,138.6,140,143.3,141.8,143.6,147.3,148.5,148.3
Rubber moulded goods,1312020002,0.03434,NA,NA,NA,102.8,104.6,104.5,104,103.9,104.4,104.6,103.2,103.3,104.5,104.6,106.5,107.6,112,111.9,108.8,109.5,114.9,118,126.3,126.9
Rubber components & parts,1312020004,0.01732,NA,NA,NA,103.6,105.5,106.4,107.4,107.7,107.1,104.7,97,95.2,94,94.9,97,98.9,101.8,101,100.6,102.4,111.7,116.3,125.8,126.9
Condoms,1312020007,0.0131,NA,NA,NA,104.4,103.1,103.8,105.1,105.1,107,109.2,115.8,116.7,116.6,115.9,112.5,111.8,110.3,110.7,111.9,110.1,108.5,111.2,118.3,119.4
Rubber Tread,1312020009,0.01864,NA,NA,NA,103,99,98.4,103.1,105.2,96.4,91,85.6,86.6,88.7,88.1,86.9,87.2,87.4,87.3,87.5,88.5,93.4,94.9,101.6,103.5
Polypropylene film,1312030003,0.05098,NA,NA,NA,99.8,106,109.9,115.5,112.7,103.3,101.2,96.9,97.4,96.1,96.3,98.3,98.2,99.1,99.5,99.4,103.7,124.1,128.7,130.6,128
Plastic button,1312030017,0.00721,NA,NA,NA,114.8,126.6,130.6,143,142.9,141.5,140.6,149,155.6,159.8,158.7,161.8,162.9,166.8,167.2,167.9,168.6,172.1,174.7,179.7,178.6
b. Manufacture of refractory products,1313020000,0.22322,NA,NA,NA,108.5,111.1,111.9,113.4,115.2,120.8,119.6,116.1,116.2,114.9,113.2,110.6,111.1,109.5,108.7,108.6,109.5,113.7,115.6,119.2,119
Clinker,1313050002,0.31582,NA,NA,NA,111.2,107.9,107.7,109.2,109.8,112,112.8,113.2,112.5,114.7,115.7,111,111,116.3,116.9,119.1,119.8,126.4,130.3,146.3,150.1
Pozzolana cement,1313050005,0.09194,NA,NA,NA,109.4,106.3,106.7,109.4,110.2,109.5,108.2,109.5,109.9,110.9,111.4,110.1,110.1,113.3,114,114.8,115.2,117.6,118.7,122.7,123.4
Cement superfine,1313050007,0.07761,NA,NA,NA,104.6,104.1,105.5,110.1,113.7,113.8,110.4,109.5,110.9,113.4,114,113.5,113.1,111.1,110.7,119.4,120.8,122.4,123.3,127.4,129.7
"f. Manufacture of articles of concrete, cement and plaster",1313060000,0.29248,NA,NA,NA,108.8,111.4,112.5,116.5,116.5,116,116.1,115.1,115.3,117.9,118.9,120.9,121.5,121.5,121.6,124.4,125.3,128.2,129.2,133.3,134.4
Railway sleeper,1313060003,0.0049,NA,NA,NA,107.9,110.8,111.3,115.9,117.1,118,116.7,113.7,116.2,124,125.4,132.9,136,142,144.3,150.2,150.3,154.2,157.3,170.2,174.3
"Stone, chip",1313070002,0.07616,NA,NA,NA,104.2,107.4,108.3,112.8,113.8,116.2,117.2,116.7,116.1,113.7,112.9,112.3,112.8,113.4,113.3,111.1,111.1,113.5,113.1,116.1,117.1
Ferrochrome,1314010002,0.11195,NA,NA,NA,104.5,106.3,106.9,109.9,110.4,105.9,102.5,104.3,114.4,125.5,121.6,122,121.1,114.4,112.4,114.6,122.6,162,169.9,178.4,181.3
c. Mild Steel - Semi Finished Steel,1314030000,1.27356,NA,NA,NA,107.3,103.8,103.7,104.7,103.5,95.7,93.3,90.1,89.8,91.2,93.2,99.4,99.5,95.6,95.1,96.8,99.8,114.7,119.1,127,127
Aluminium alloys,1314090007,0.06796,NA,NA,NA,103.3,106.3,107.9,113.8,115.5,112.4,109.7,109.6,111.6,111.9,112,115.9,115.6,110.2,108,107.4,110.4,128.6,138.7,162,163.9
Brass metal/sheet/coils,1314090011,0.01026,NA,NA,NA,102.5,104.2,105.6,109.4,108.7,105.7,104.1,98.6,100.7,109.2,111.4,117.1,116.9,112.4,110.2,114.4,121.7,150.2,157.1,161,160
Aluminium ingot,1314090012,0.4026,NA,NA,NA,105,107.7,108.8,112.9,113.5,108.4,106.7,106.7,108.1,113.5,115.4,120.4,119.6,111.5,109.7,109.7,113.8,141.2,152.3,161.8,158.9
j. Castings,1314100000,0.92451,NA,NA,NA,105.8,105.7,104.5,97.8,98.1,99.7,98.7,100.8,102.2,103.7,104.8,108.3,109.8,113.3,112.8,108.6,109.1,116.4,118.9,127.9,130.7
"Cast iron, castings",1314100001,0.0555,NA,NA,NA,105.4,108.1,109.3,109.8,109.2,108.2,108.1,105.6,105.3,106.6,107.2,110.9,112.3,113.9,113.5,113.5,114.4,120.7,124.3,135,137.1
Steel forgings - rough,1314110001,0.27051,NA,NA,NA,102.4,100.9,103.3,110.8,110.6,112.6,115.4,118.1,118.2,118.2,118.4,121.6,126.8,144.6,146.5,145.5,145.7,154.5,159,169.9,172.4
Steel Container,1315020002,0.07075,NA,NA,NA,101.1,104.9,107.3,113.5,114.8,115.2,114.5,112.4,112.2,112.3,113.6,121.1,123.1,123.9,122.2,122.9,126.9,147.7,153.8,163.9,163.1
Electrical stamping- Laminated or otherwise,1315040001,0.17896,NA,NA,NA,96.3,85.4,86,93.2,95.4,102.7,104.1,99,95.6,89.9,90.1,91.5,93.3,94.6,92.4,85.9,85.4,109,120.8,144.8,149.7
Lock/padlock,1315050005,0.00046,NA,NA,NA,101.7,102.9,105.2,115.5,115.4,108.2,105.5,100.2,99.5,97.6,97.4,98.2,99.1,99.9,99.7,100.1,100.5,104.8,106.2,110.9,113
Iron/steel cap,1315060003,0.01294,NA,NA,NA,100.9,104.7,106.6,112.5,113.4,112.2,112.3,112.2,112.1,117.1,118.6,119.7,120.9,124.4,124.7,126.1,127.9,138,141.2,144.4,143
Hose pipes in set or otherwise,1315060007,0.09066,NA,NA,NA,107.9,113.1,114.6,120.6,123,121.2,118.3,117.1,118,118.5,118.4,120.1,120.5,120.6,120.6,119.8,120.4,127,129.1,135.4,137.1
UPS in Solid State Drives,1316010002,0.12825,NA,NA,NA,103.7,106.7,104.6,95.2,93.9,92.2,89.5,84.5,83.6,80.4,79.7,79.2,79.2,79.1,79.5,78.9,78.2,82.9,86.7,91,89.4
Air conditioner,1316040002,0.20393,NA,NA,NA,103.7,104.8,105.4,107.5,107.8,109.3,110,110.2,110,112.9,114.3,116,116.4,117.8,117.6,116.9,117.2,119.3,119.4,119.9,120.6
"e. Manufacture of measuring, testing, navigating and control equipment",1316050000,0.18056,NA,NA,NA,102.7,102.8,101.6,102.2,102.2,101.1,101.1,101.7,103.1,106.8,106.9,109.1,109.1,110.7,111.5,108.6,107.7,107.3,108.4,112.5,112.8
f. Manufacture of watches and clocks,1316060000,0.07551,NA,NA,NA,104.4,110.5,113.3,121.1,122.7,124.1,125,134.4,137.9,138.7,137.8,137.8,137.9,138.2,139.1,141.6,141.8,143.8,145.6,150.7,151.2
Clock,1316060003,0.00513,NA,NA,NA,108.2,115.7,118,122,122.7,122.6,122.6,122.6,122.6,125.9,127.5,130.4,130.8,130.8,130.8,130.8,130.8,142.6,153.7,175,175
Sunglasses,1316080002,0.00301,NA,NA,NA,103.7,109.1,110.5,108,106.8,100.8,100.8,105.2,104,106.4,108.7,109.6,109.6,111.3,112.3,99.3,87.6,68.3,68.6,69.5,69.9
"a. Manufacture of electric motors, generators, transformers and electricity distribution and control apparatus",1317010000,1.29789,NA,NA,NA,102.2,99,99.7,105.5,106.7,105.9,105.6,105,105,105.6,105.8,106.9,107.7,108.8,109,111.2,113.2,118.5,119.7,124.9,126.3
b. Manufacture of batteries and accumulators,1317020000,0.23573,NA,NA,NA,103.2,109.8,112.1,116.7,116.9,118.9,120.1,120.3,120.4,118.5,117.4,117.7,117.7,117.2,117,117.1,117.1,119.4,121.8,130.3,131.9
Lead acid batteries for vehicles & other uses,1317020002,0.00039,NA,NA,NA,107,115.7,116.5,121.5,122.7,122.2,121.4,118.8,119.6,122,122.3,122.9,122.6,120.1,118.6,112.5,111.5,113.2,114.4,119.4,120.4
Fibre Optic Cables,1317030001,0.13327,NA,NA,NA,112.2,118.9,119.7,125.1,126,123.7,122.1,119.5,118.8,117.7,116.5,122.5,126.1,115,109.9,99.4,98.1,101.5,103.1,113.1,116.6
d. Manufacture of other electronic and electric wires and cables,1317040000,0.42798,NA,NA,NA,104.6,105.7,106.7,108,106.9,103,101.3,98.9,99.7,104,105.7,110.6,111.2,110.2,109.7,111.9,115.9,135.3,140.7,146.1,146.3
ACSR Conductors,1317040004,0.04741,NA,NA,NA,103.4,106.7,106.6,109.9,111.6,111.1,109.5,108.4,109.6,113,114.1,117.5,117.6,114.7,114.5,115.4,116.2,126.1,129.4,133.5,133.7
"e. Manufacture of wiring devices, electric lighting & display equipment",1317050000,0.26294,NA,NA,NA,98.1,100.1,101.1,103.9,104.2,109,109.9,108.9,108.5,109,109.9,108.8,108.6,110.5,111.1,111.1,111.1,113.6,114.5,116.7,117.2
Electric switch,1317050001,0.17381,NA,NA,NA,94.6,97.3,98.9,101.2,101.1,108.3,109.9,108.5,107.9,108.6,109.7,107.1,106.2,108.5,109.6,110.5,110.5,111.7,112.1,114,114.3
Electrical ballast & chokes,1317050006,0.00346,NA,NA,NA,98.8,98.1,98.2,99.2,98.8,92.9,90.6,89.3,89.8,89.8,89.8,89.8,89.8,89.8,89.8,89.8,89.8,89.8,89.8,89.8,89.8
Steam Turbines,1318010001,0.02536,NA,NA,NA,96,96.8,95.5,87.9,88.5,94.1,94.4,94.7,94.7,88.1,84.3,79.2,79.2,79.2,79.2,81.5,83.1,85.7,85.4,82.6,81.3
b. Manufacture of fluid power equipment,1318020000,0.16151,NA,NA,NA,106.2,106,106.5,110,111.9,115.4,115.6,114.4,114.3,114.9,115.3,117.5,118.2,119.6,119.9,119.4,119.4,121,122.1,126.8,128.4
Injection pump,1318020001,0.04418,NA,NA,NA,104.2,105.4,105.9,111.9,115.2,123.3,124,120.6,119.6,119.7,120.2,121.2,121.6,122.4,122.3,123.9,124.6,125.8,127,131.4,132.9
Air gas compressor including compressor for refrigerator,1318030004,0.05445,NA,NA,NA,103.4,106.9,107.9,107.5,107.9,108.4,107.9,107.5,108.1,110.4,110.2,107.1,107.2,112.5,114.1,117.3,117.9,118.6,119.6,126.5,128.8
Roller and ball bearings,1318040001,0.28071,NA,NA,NA,105,102.9,102.5,104.9,105.9,104.3,104.1,104.3,104.4,108.3,110,112.9,112.4,110.3,110.5,111.5,111.9,116.1,117.8,121.7,123.5
"Material handling, lifting and hoisting equipment",1318060002,0.04086,NA,NA,NA,99,104.1,105.2,102.4,101.6,101.5,101.5,101.7,102,103.7,104.2,106.5,107.2,108.6,108.9,108.9,109.2,110.4,111,114.4,115.6
Filtration equipment,1318080004,0.13412,NA,NA,NA,103.1,111.7,114.3,114.2,111.2,110.3,111.2,115.1,117,119.4,119.1,120.4,120.5,119.4,119.9,120.6,121.9,132.4,135.7,140.8,141.3
Water purifier,1318080008,0.02307,NA,NA,NA,106.1,111.6,113.1,115.6,114.9,114.6,115.5,113.9,113.2,113,113.6,116.3,116.6,117.6,117.7,117.8,118.2,125.2,128.1,136.8,140.2
Soil preparation & cultivation machinery (other than tractors),1318090005,0.0384,NA,NA,NA,103.9,101.8,101.9,105.4,108,112.5,111.9,111.9,111.8,113.4,114,116.5,117.6,119.8,120.1,119.3,119.1,121.4,122.4,128.6,130.7
Dumper,1318110002,0.06785,NA,NA,NA,106.1,100.6,100.6,108.1,107.3,107.2,109.6,110.3,105.8,93.2,91.2,92.4,95.7,94.1,91.7,89.6,89.1,88.4,88.6,92.8,94.6
Sewing Machines,1318130002,0.01112,NA,NA,NA,106.4,108.1,109.3,109.9,109.5,108.2,107,106.5,107.4,109.4,109.7,111,111.9,117,118.6,122,124.1,133.1,136,145.1,147.9
Roller mill (Raymond),1318130003,0.0019,NA,NA,NA,99.8,100.6,100.7,101.2,101.7,103.1,105.3,118,123.1,130.1,131.5,138.9,140.9,145.1,145.5,141.4,139.9,147.7,151.7,156.4,156.2
n. Manufacture of other special-purpose machinery,1318140000,0.46834,NA,NA,NA,102.4,106.6,107.6,107.5,108.2,111.7,112.6,115.2,115.8,118.3,119.5,122.9,123.8,126,126.3,127.4,128.7,133.4,134.7,138.9,140.6
Moulding Machine,1318140002,0.09108,NA,NA,NA,108.3,110.9,111.1,115.4,117.9,122.8,124.2,131.7,134.1,138.2,139.1,145.2,147.8,150.7,150.3,150.1,151,154.8,156.6,162.7,165.4
Pharmaceutical Machinery,1318140004,0.19273,NA,NA,NA,103.8,110,110.2,106.3,106.5,109.7,111,114.5,115.1,117.5,119,123.1,123.8,128,128.9,131.4,133.4,139.2,140.3,143.7,145.5
Shafts of all kinds,1319020004,0.07112,NA,NA,NA,105.4,105.5,105.4,108.8,108.7,105.8,106.5,112.5,113.1,112.9,113.3,115.8,116.9,119.2,119.6,121.7,122.7,125.6,126.4,129.2,131
Piston ring/Piston and Compressor,1319020007,0.05103,NA,NA,NA,105.6,110,110.7,115.9,116.3,120.5,123.1,126.3,125.9,129.5,131.6,134.5,134.6,132.8,131.8,131.2,131.8,135.8,137.6,143.3,145.3
Gear box and parts,1319020012,0.31546,NA,NA,NA,101.5,99.9,98.7,96.1,96.3,98.8,98.7,100.8,101.5,101.5,102.1,104.6,105.2,105.8,106.2,107.4,107.4,110.3,111.9,117.2,118.7
Steering gear control system,1319020013,0.08627,NA,NA,NA,98.3,98.5,99.4,98.8,97.1,100.8,103.8,105.4,105.6,106.2,105.9,104.5,105.4,108.6,108.8,109.2,110.2,115.6,119.1,129.1,130.1
b. Manufacture of railway locomotives and rolling stock,1320020000,0.10979,NA,NA,NA,100.9,105.9,106.3,101.5,99.6,95.9,95.9,99.1,100.6,103.4,104,104.6,104.7,106.3,106.4,105.4,105,104.4,104.4,104.8,105.5
Railway brake gear,1320020004,0.00042,NA,NA,NA,101,103.6,104.9,105.9,104.7,102.1,102.2,99,97.5,95.3,95.3,94,93.8,93,92.6,92.6,92.6,93.1,93.3,88.8,87.6
Auto rickshaw/Tempo/Matador/Three wheelers,1320030003,0.01273,NA,NA,NA,107,111.4,113,115.9,115.8,115.1,116,121.1,122.5,126.6,128.4,132.1,133.3,136.3,137.1,144,146.6,152.3,154.5,159.7,160.5
a. Manufacture of jewellery and related articles,1322010000,0.99638,NA,NA,NA,95.3,92.9,94.2,101.8,104.2,114.6,115.5,118.1,118.4,109.3,106.7,103.7,103.9,107.2,109.9,125.8,130.5,134.3,136,143.4,146.5
b. Manufacture of musical instruments,1322020000,0.00124,NA,NA,NA,105.6,114,120.3,132.6,133.8,146.4,153.7,159.7,158,164.1,171,176.1,174.1,174,174,171.2,173.7,192,192.3,187,189.3
Sports goods of rubber (incl. balls),1322030001,0.00367,NA,NA,NA,106.8,105.2,104.1,109,112.8,114.9,113.3,117.1,119.3,120.2,119.2,117.3,116.7,115.3,116.3,116.8,116.8,123.1,125.6,131.8,133.1
Carrom board,1322040002,0.00045,NA,NA,NA,107.6,113,114.9,120,121.7,128.1,130.5,134.5,135,132.5,132.1,133.7,134.1,138.2,140.1,144.9,147.6,168.6,174.3,179.1,180.7
Non Mechanical Toys,1322040004,0.00014,NA,NA,NA,107.1,111.7,113.3,119.4,121.6,128.1,130.7,136.3,137.5,138.9,139.8,147.7,153,175.4,182.4,189.2,189.7,194.7,197.3,206.5,207.8
IV FOOD INDEX,2000000000,24.37758,NA,NA,NA,110,118.6,120.6,124.9,125.8,126.3,127.3,133.2,134.7,137.1,137.3,137.1,138.1,145,147.6,152.4,153.4,160.3,163.8,173,174.2
Rajma,1101010207,0.00573,NA,NA,NA,151,169.9,176.4,171.8,164.7,155.8,155.5,157.2,159.6,158.2,151.4,134,132.8,135,137.4,147.7,158.9,209,223.9,248,246.4
b1. VEGETABLES,1101020100,1.87448,NA,NA,NA,123.5,163,163.6,155.8,159.4,147.5,145.7,141.5,138,159.2,164,147.7,150.2,186.3,197,208.5,203.6,192.8,204.5,224.5,215
Onion,1101020103,0.16445,NA,NA,NA,126.1,282.3,270.5,181.2,194,263.1,253.6,127.4,117.4,177.7,212,173.1,138,253,306.5,259.7,255.2,251.2,237.1,196.1,175
Peas (Green),1101020106,0.13654,NA,NA,NA,122.9,140,143.9,142.7,170,184.6,169.8,169.5,154.3,135.9,135,170.8,178.9,171.1,180.9,166.9,157.8,192.2,208.4,199.5,183.5
Tomato,1101020107,0.28446,NA,NA,NA,116.5,160.9,160.5,149.6,160.6,175.7,173.6,133.3,131.6,224.1,222.5,138.2,151.1,246.4,249,258.8,257.7,256.7,269,300,291
Cabbage,1101020111,0.12251,NA,NA,NA,133.1,167.9,169.6,142.3,157.4,157,150.4,159.9,149.9,198.2,206.7,136.4,135.6,166.4,165.8,147.7,139.1,129.5,161.8,209.2,182.4
Carrot,1101020112,0.01874,NA,NA,NA,131.5,125.6,124.8,146.7,155.8,148.8,162.7,157.1,137.2,131.9,137.5,116.5,110.5,150.8,165.8,159,149.2,153.3,167.4,204.6,197.1
Mango,1101020202,0.46209,NA,NA,NA,96,86.8,86.8,107.3,107.3,121.2,121.2,132.1,132.1,126.7,126.7,130.2,130.2,155.4,155.4,180.8,180.8,162.3,162.3,216.1,216.1
Apple,1101020203,0.07505,NA,NA,NA,106.9,107.1,104.3,110.4,110,101.9,101,101.3,109.1,119.8,114.3,109.6,108.7,104.2,104.1,108.1,113.9,130.8,130.4,126,125.3
Milk,1101030001,4.43999,NA,NA,NA,107.6,113.2,116,124.4,126.6,130,130.5,133.3,134.3,138.5,139.7,142.5,143.1,145,146.7,152.2,153.4,155.8,156.9,164,167.8
"d.  EGGS,MEAT & FISH",1101040000,2.40156,NA,NA,NA,113.3,123.7,126.1,130.5,130,130.2,131.9,133.1,133,135.8,135.7,136,138,144.8,147,150.6,151.2,160.4,164,169.9,170.6
Fish-Inland,1101040002,0.525,NA,NA,NA,115.1,134.1,136.9,139.2,137.3,137.5,140.5,140.6,139.8,142.8,142.5,143.9,145.7,152,153.2,148,143.5,142.9,149.8,167.6,170.1
Fish-Marine,1101040003,0.42182,NA,NA,NA,114.6,118.7,120.5,124,125.7,129.5,130.6,121.3,117.9,121.4,122.4,130.6,134.1,142.8,148.3,151.3,148.7,157.8,161.3,174.6,178.1
Black Pepper,1101050001,0.02098,NA,NA,NA,129.6,133.2,139.1,177.4,183.5,182.8,183.6,187.6,186.7,164.9,158,139.7,135.7,131,128.2,123.7,123.8,137.1,147.8,165.9,166.1
Cumin,1101050007,0.06256,NA,NA,NA,102.5,101.8,101,92.9,91.6,105.8,108.1,118,124,131.6,132.3,128.3,126.6,121.8,120,109.5,106.3,100.8,105.3,147.8,168.4
(B).  NON-FOOD ARTICLES,1102000000,4.11894,NA,NA,NA,113.3,118.5,118.4,116.2,115.1,116.7,118.2,121.3,122.2,120.1,119.6,122.4,123.1,127.2,128.7,128.3,130.5,150.1,158.1,172.1,172.1
Raw Cotton,1102010001,0.66334,NA,NA,NA,95,104.9,108.6,102.3,95.8,88.6,89.5,100.5,106.8,109.1,107.5,114.5,116.6,117.9,116,103.9,105.3,127.6,142.4,196.2,195.9
Raw Wool,1102010004,0.02629,NA,NA,NA,100,100,100,99.8,99.1,106.7,113.7,131.7,133.1,133.3,143.1,183.9,192.9,207,207.3,207.3,207.3,207.3,207.3,207.3,207.3
Linseed,1102020006,0.0064,NA,NA,NA,125.4,128,126.4,126.6,127.3,131.1,132.5,159.4,167.6,160.2,155.5,145.7,146.2,157.3,161.5,168.7,171.6,202.2,220.5,244.2,234.4
Castor Seed,1102020007,0.09763,NA,NA,NA,84.7,82.7,85.1,94.2,93.8,92.4,89.5,81.6,85,101.5,103.1,105.3,111.2,121,115.4,101,103.2,118.3,124.4,137.1,136
Niger Seed,1102020008,0.00234,NA,NA,NA,118.4,116.8,115.9,119.9,127.3,198.2,222.8,217.8,207.6,203.8,201.3,155.1,145.1,165.5,169.9,181,191,236.7,249.1,244.6,243.5
Soyabean,1102020011,0.37606,NA,NA,NA,149.4,152.4,157.5,159.7,154.6,149,151.1,150,143.8,124.4,129.9,148.1,150.1,160.6,164,167.2,174.6,260.1,280.8,264.1,251.6
Skins (Raw),1102030002,0.0229,NA,NA,NA,96,99.7,102.4,109.4,110.2,111.3,111.9,114,114.5,113.5,112.2,107.1,105.2,99.9,98.9,98.6,98.6,91.9,90.5,91.8,91.8
Gaur Seed,1102030005,0.10347,NA,NA,NA,186.8,158.6,134.2,113.6,110.6,93.5,87.7,75.5,77.2,82.9,88,96.8,96.5,96.3,93.6,86.6,87,109,121.3,128.1,127.2
Fodder,1102030008,0.5314,NA,NA,NA,116.9,132.8,138.7,149,149,155.9,161.4,166.8,164.6,156.7,149.5,132.8,133.1,143.7,147.6,155.5,161.1,175.3,180.5,211.7,223.4
Chromite,1103010002,0.02645,NA,NA,NA,90,81.8,77.9,72.2,73,77,75.6,70.8,78.7,83.6,77.7,77,76.6,73.8,72.9,73.7,79.9,113.6,119.1,116.5,112.8
Copper Concentrate,1103010006,0.33393,NA,NA,NA,118.4,116.9,112.6,123.2,120.7,106.5,107.7,119.1,118.9,117,119.2,126.4,133.3,173.2,182.5,191.2,200.6,200.6,220.9,250.1,240.9
Phosphorite,1103020001,0.11352,NA,NA,NA,145.6,148.1,146.3,130.7,133.4,147.3,148.4,154.9,150.3,136.2,135.5,141.9,144.5,147.2,151.2,161.9,162,187.5,200.6,239.6,254.1
(D). CRUDE PETROLEUM & NATURAL GAS,1104000000,2.4096,NA,NA,NA,109.4,116.6,119,113.5,103.5,80.3,76.6,70.6,73.1,71.9,73,90.7,92.4,87.7,85.3,68.7,70.4,98.2,110.3,154.7,158.4
a. Coking Coal,1201010000,0.64703,NA,NA,NA,100,100.8,101.2,101.4,101.4,101.4,101.4,101.4,108.2,133.3,134.1,132.3,132.9,136.1,138.1,141.8,141.8,142.6,143,143.4,143.4
Coking Coal,1201010001,0.64703,NA,NA,NA,100,100.8,101.2,101.4,101.4,101.4,101.4,101.4,108.2,133.3,134.1,132.3,132.9,136.1,138.1,141.8,141.8,142.6,143,143.4,143.4
b.) Non-Coking Coal G7 to G14 [GCV 3100 Kcal/kg. to 5500 Kcal/kg.],1201020002,0.88904,NA,NA,NA,101.9,106.3,108.9,113.3,113.3,113.3,113.3,118.8,121.2,122.8,126,136.4,136.7,136.7,136.7,136.8,137.1,137.8,137.8,137.8,137.8
Petrol,1202000002,1.6047,NA,NA,NA,114.9,122.2,124.6,122.1,108.6,79.4,75.7,66.7,72.4,79.8,80.3,88.7,88.4,85.4,85.6,74.2,75.5,109.9,123,159.8,164.1
Naphtha,1202000006,0.86678,NA,NA,NA,109.8,116.2,119.4,116.9,103,71.2,66.9,60.8,66.5,72.7,74.5,93.8,92.6,81.6,82.3,64,65.1,103,115.8,136.6,135.9
Electricity,1203000001,3.06409,NA,NA,NA,100.5,102.4,103.6,105.1,105.7,106.3,105.3,103.7,104.2,103.8,103.7,108.7,109.6,110,111.8,109.8,109.6,113.7,117.4,137.6,143.3
"Meat of goat, fresh or chilled",1301010002,0.02943,NA,NA,NA,106.9,122.5,126.9,131.1,134.5,138.4,138.7,138.1,137.8,137.8,137.8,137.8,137.8,137.8,137.8,137.8,137.8,137.8,137.8,134.3,132.7
"Other meats, preserved/processed",1301010003,0.01934,NA,NA,NA,110.2,117.1,119.5,124.2,126.6,130.9,131.4,132.2,134.6,141,141.1,144.5,148.1,155.6,156.1,151.3,149.5,155.5,158.1,167.2,171.8
c. Processing and preserving of fruit and vegetables,1301030000,0.13809,NA,NA,NA,104,106.5,107.5,110.9,112,115.4,116.9,120.2,120.2,119.4,119.1,115.7,114.3,113.7,114.3,118.5,120.2,122.1,122.3,124.6,125.8
Cotton seed Oil,1301040011,0.07081,NA,NA,NA,106.8,102.4,102.6,101.3,99.3,96.8,97.9,99.6,100.8,100.7,101.6,109.4,110,111.2,113.8,123.6,131.9,166.1,171.3,178.9,172.2
Ice cream,1301050004,0.06189,NA,NA,NA,105.5,108.2,110,117.9,120.2,122.9,123.7,125.9,126.3,128.3,128.6,129.2,129.6,130.4,131.8,135.3,136.5,144.5,147,153.1,154.4
Gram powder (besan),1301060006,0.0959,NA,NA,NA,127.9,109.2,103.6,97.6,100.4,132.9,142,196.8,207.7,175.5,162.5,137,138.4,145,145.2,149.9,153,161.4,162.1,158.6,158.8
Vegetable starch,1301070001,0.10955,NA,NA,NA,106,111.4,111.5,110.2,108.9,108.7,110.9,115.3,114.6,112.5,112.6,112.6,116.6,134.2,135.5,119.6,115.9,126.4,133.3,156.1,158.9
h. Manufacture of bakery products,1301080000,0.21459,NA,NA,NA,107.3,112.9,114.3,118.7,120.3,122.8,123.6,126.1,127,128.8,128.8,128.7,129.3,132.2,133.5,137.4,138.1,143.1,146.2,159.3,163
"Bread, buns & croissant",1301080002,0.035,NA,NA,NA,110.4,118.1,120.8,127.7,129.2,131.3,131.8,136.7,139.9,146.1,146.1,148.8,151.5,161.3,164.6,172.8,173.8,179.6,183.8,199.4,203.1
Chocolate & cocoa powder,1301100001,0.09685,NA,NA,NA,105,109.7,112.1,118.4,120.2,122.9,122.9,128.7,129.4,127.1,127.5,129.4,129.9,128.4,127.3,125.8,126.2,129.8,132.2,137.8,138.9
"k. Manufacture of macaroni, noodles, couscous and similar farinaceous products",1301110000,0.0264,NA,NA,NA,107.3,110.9,112.6,115.1,117.2,121.9,122.1,135.7,137.1,132.6,131.4,131.8,134.5,134.4,132.7,131.9,132.3,133.3,136.7,153.8,155.8
Spices (including mixed spices),1301130001,0.1361,NA,NA,NA,94.5,103.1,105.1,111.4,114.3,121.4,123.6,128.4,127.2,119.1,119.2,122.8,123.7,130.6,134.5,147.5,150.2,156.7,160.1,174.5,178.5
Whey powder,1301150002,0.04023,NA,NA,NA,109.3,133,143.4,143.5,138.9,140.7,141.3,130.7,126.9,122.3,122.3,121.3,120.6,119.5,119.5,110,106.8,109.6,113.2,134.9,140.8
Wine,1302010002,0.09479,NA,NA,NA,101.8,105.3,105.9,105.7,105.6,108.5,110.8,114.5,115.4,118.2,118.5,119.4,119.2,117.3,117,117.6,118.5,119.8,120.3,123.9,124.8
c. Manufacture of soft drinks; production of mineral waters and other bottled waters,1302030000,0.27548,NA,NA,NA,105.8,111,112,114.8,115.6,119.3,120.6,121.7,121.8,125.5,127.4,130.7,131.2,131.1,130.5,129.4,129.4,129.4,128.6,124.2,123.7
Aerated drinks/soft drinks (incl. soft drink concentrates),1302030001,0.25793,NA,NA,NA,105.8,111,112,114.7,115.5,119.4,120.9,122,122.1,125.8,127.7,131.1,131.6,131.5,130.9,129.7,129.6,129.5,128.7,124,123.4
Cigarette,1303010001,0.16619,NA,NA,NA,110.8,115.2,115.7,127.2,133.3,147.9,150.4,158.1,159.4,154,152.8,156,158.7,167.3,169,175.1,175.8,174.9,175,173.9,174.7
a. Preparation and spinning of textile fibres,1304010000,2.58154,NA,NA,NA,103.9,110.8,113,113.2,110.9,103.5,102.2,101.9,103.3,105.8,106.2,109.5,110.6,109.2,107.9,103.7,106.6,123.1,128.2,136.6,133.2
"Cotton cloth (dyed, printed, or otherwise finished/processed)",1304020004,0.94619,NA,NA,NA,102.9,108.4,110.3,114.6,114.8,113.1,112.8,113.6,113.9,115.8,116.7,120.8,122.6,124.8,124.9,122.2,122.5,131.8,136.3,152.1,155.8
Quilts,1304040003,0.009,NA,NA,NA,94.2,93,94.4,96.7,94.6,94.7,95.4,96.6,96.4,94.8,95.3,100.9,102.6,110.5,114.2,119.8,120.8,122.5,122,125.2,127
Cotton Towel,1304040005,0.09734,NA,NA,NA,108.2,109.5,111,115.8,117.6,122.7,122.4,126.1,127.8,129.4,129.8,136.8,142.9,153,150.8,141.6,140.7,145.9,149.3,163.3,165.5
Terry Towel,1304040006,0.05824,NA,NA,NA,107.4,115.1,118.1,122.1,122.1,120.8,120.5,121.5,122.8,124.7,124.5,123,121.8,121.3,121.5,120,119.6,124.3,127.6,147.7,152
Curtains,1304040007,0.01942,NA,NA,NA,110.6,108.9,110.5,118,119,117.9,121.7,135,135.6,139.8,140.6,142,143,144.1,144.3,146.1,146.4,148.4,149.9,153.4,153.5
"Cardigans and pullovers, knitted",1305020001,0.03253,NA,NA,NA,101.2,106.9,108.4,112.3,113.5,112.5,113.1,113.4,113.7,119.9,121.1,122.8,123,122.9,123.3,120,118.3,118.7,119.3,120.8,120.8
Vegetable Tanned Leather,1306010001,2.00E-05,NA,NA,NA,110.5,116.5,118.9,126,124,106.1,103.6,104.1,104,104.6,104.3,103.8,103.5,102.6,102.5,99,97.8,96,96.1,96.9,96.4
"Harness, Saddles & Other related Items",1306020003,0.00831,NA,NA,NA,114.4,133.1,139.2,139.1,136.6,137.1,138.4,135.1,134.3,132.3,131.4,132.2,133.3,133.3,133.1,133.3,132.8,132.2,132.1,134,133.9
Athletic/sport shoes,1306030002,0.01651,NA,NA,NA,102.5,109,110.6,113.4,114.2,115.6,115.3,112.9,113,114.9,115.3,115.3,115.1,111.5,110.4,110.3,110.6,107.1,104.5,102.6,103.4
Canvas shoes,1306030003,0.01281,NA,NA,NA,106.3,112.6,114.8,115.9,116.1,117.7,118.2,120.7,121.5,125.2,126.7,129.9,131,132,132.8,136.8,138.4,141.1,141,141.6,142
(G). MANUFACTURE OF WOOD AND OF PRODUCTS OF WOOD AND CORK  ,1307000000,0.77181,NA,NA,NA,110.9,116.9,118.8,123.6,124.6,129,130,129.7,129.8,131.2,131.5,132.6,133.5,134.3,133.7,133.6,134.6,139.4,141,143.2,143.2
"Timber/wooden plank, sawn/resawn",1307010001,0.05444,NA,NA,NA,111.1,113.4,114.4,117,120,121.9,121.5,123.9,122.6,117.8,116.2,116.8,119.9,121.2,118.8,116.2,117,124.1,128.3,141,143
"b. Manufacture of veneer sheets; manufacture of plywood, laminboard, particle board and other panels and boards",1307020000,0.4933,NA,NA,NA,109.9,115,116.7,121.2,122.3,128.5,129.7,127.3,127.3,130.2,131.5,135,136.3,136.1,135.5,135.8,136.6,140.6,141.9,142.5,141.8
c. Manufacture of builders carpentry and joinery,1307030000,0.03558,NA,NA,NA,111,115.7,115.8,120.5,125,137.8,140.1,149.5,153.8,160.4,159.8,157.6,158.7,172.2,176.2,182.7,185.8,192.8,193.9,201.8,204
Wooden panel,1307030001,0.02696,NA,NA,NA,113.3,117.9,117.7,123,128.9,145.8,148.8,161,166.8,176.3,176.4,175.4,176.8,194.1,199.4,208.4,212.6,221.9,223.4,233.9,237
Wooden box/crate,1307040002,0.10911,NA,NA,NA,116.8,129.6,133.8,142.7,141.6,139.5,140.6,142.5,142.2,138.5,135.1,124,122.9,125.1,124.4,122.7,124.3,131.3,133.3,135.1,135.6
(H). MANUFACTURE OF PAPER AND PAPER PRODUCTS,1308000000,1.11322,NA,NA,NA,103.6,108.3,110.2,114.1,114,112.6,112.7,113.1,113.6,117.5,118.9,122.3,123.3,122.1,121.1,120.1,121.7,133.1,137.5,151.2,152
Kraft paper,1308010005,0.0822,NA,NA,NA,102,105.9,107.5,112,112.8,114.5,115.6,116.9,117.7,126,128.2,127.5,126.2,118.8,117.3,118.9,124.8,150.7,157.5,160.9,154.2
Card board box,1308020003,0.02722,NA,NA,NA,109.2,111.6,112.4,114.3,114.9,115.2,115.2,114,113.2,119.9,122.9,124.4,124.5,124.8,125.2,127.3,129.4,142.5,146.5,152,150.6
Printed labels/posters/calendars,1309010003,0.09471,NA,NA,NA,111.6,112.9,112.9,109.2,108.5,108.3,107.3,106.2,107.2,109.3,108.3,103.4,102.6,103.1,103.3,102.2,101.4,101.9,102.3,102.8,103.2
Hologram (3D),1309010006,0.00297,NA,NA,NA,74.2,79.8,84,91.3,93.2,98.7,94.2,96.4,104,111.3,111.9,116,116.1,116.3,116.8,114.9,115.4,118.2,119,120.2,118.8
Dye stuff/dyes incl. dye intermediates and pigments/colours,1310010003,0.22821,NA,NA,NA,109.2,120.2,124.6,132.9,132.9,118.1,113.6,112.6,113.2,114.9,116.7,125.3,127.1,128.2,127.9,123.9,124.7,136.9,141.2,149.1,148.3
e. Manufacture of medical and dental instruments and supplies,1322050000,0.04941,NA,NA,NA,115.5,120.7,122.4,124.6,125.1,139.5,144.6,145.8,143.3,147.2,151.9,157.8,159.2,161.5,162.1,165.9,167.4,170.8,171.8,171.9,170.4
